Start Date,End Date,Start Address,End Address,Distance in Mile,Consumption in Kwh,Category,Start Latitude,Start Longitude,End Latitude,End Longitude,Start Odometer,End Odometer,Trip Type,SOC Source,SOC Destination,Comments
"2026-03-15, 11:32","2026-03-15, 11:37","PQQ5+FP Stroud, UK","128 Westward Rd, Ebley, Stroud GL5 4ST, UK","0.62","0.306","Commute","51.73868662","-2.24065181","51.74155241","-2.24683412","41157.13","41157.75","SINGLE","87","86",""
"2026-03-15, 10:59","2026-03-15, 11:14","1 Holbrow Cl, Stonehouse GL10 3GL, UK","PQQ5+FP Stroud, UK","4.35","2.398","Commute","51.72824525","-2.28007495","51.73870644","-2.24066916","41152.78","41157.13","SINGLE","90","87",""
"2026-03-13, 16:04","2026-03-13, 16:21","1 Holbrow Cl, Stonehouse GL10 3GL, UK","1 Holbrow Cl, Stonehouse GL10 3GL, UK","4.35","1.941","Commute","51.72826685","-2.28008157","51.72823815","-2.28006855","41148.43","41152.78","SINGLE","49","46",""
"2026-03-13, 08:36","2026-03-13, 08:58","55 Regent St, Stonehouse GL10 2AA, UK","1 Holbrow Cl, Stonehouse GL10 3GL, UK","4.35","1.766","Commute","51.74392424","-2.28343691","51.72825048","-2.28011319","41144.08","41148.43","SINGLE","51","49",""
"2026-03-13, 08:28","2026-03-13, 08:35","1 Holbrow Cl, Stonehouse GL10 3GL, UK","55 Regent St, Stonehouse GL10 2AA, UK","1.86","0.718","Commute","51.72827308","-2.28012663","51.74393066","-2.28343808","41142.22","41144.08","SINGLE","52","51",""
"2026-03-12, 15:37","2026-03-12, 16:42","9MHG+P8 Bath, UK","1 Holbrow Cl, Stonehouse GL10 3GL, UK","33.55","10.805","Commute","51.37929405","-2.32423159","51.7282453","-2.28009402","41108.66","41142.22","SINGLE","66","52",""
"2026-03-12, 12:04","2026-03-12, 13:07","1 Holbrow Cl, Stonehouse GL10 3GL, UK","9MHG+P8 Bath, UK","32.93","12.357","Commute","51.72825138","-2.28006939","51.37927177","-2.32416056","41075.73","41108.66","SINGLE","81","66",""
"2026-03-12, 08:32","2026-03-12, 08:49","69 Regent St, Stonehouse GL10 2AA, UK","1 Holbrow Cl, Stonehouse GL10 3GL, UK","3.73","1.447","Commute","51.74341986","-2.28356041","51.7282424","-2.28009778","41072.00","41075.73","SINGLE","52","50",""
"2026-03-12, 08:22","2026-03-12, 08:30","1 Holbrow Cl, Stonehouse GL10 3GL, UK","69 Regent St, Stonehouse GL10 2AA, UK","1.86","0.61","Commute","51.72824614","-2.28008728","51.74343132","-2.28357568","41070.14","41072.00","SINGLE","53","52",""
"2026-03-11, 16:04","2026-03-11, 16:05","1 Holbrow Cl, Stonehouse GL10 3GL, UK","1 Holbrow Cl, Stonehouse GL10 3GL, UK","0.00","0.008","Commute","51.72825539","-2.28008146","51.72825242","-2.28007599","41070.14","41070.14","SINGLE","53","53",""
"2026-03-11, 15:43","2026-03-11, 16:03","4 Corolin Rd, Gloucester GL2 5DQ, UK","1 Holbrow Cl, Stonehouse GL10 3GL, UK","9.94","4.002","Commute","51.83673256","-2.26650314","51.72824836","-2.28008202","41060.20","41070.14","SINGLE","58","53",""
"2026-03-11, 15:12","2026-03-11, 15:13","4 Corolin Rd, Gloucester GL2 5DQ, UK","4 Corolin Rd, Gloucester GL2 5DQ, UK","0.00","0.052","Commute","51.83696547","-2.26604595","51.83665569","-2.2664559","41060.20","41060.20","SINGLE","59","59",""
"2026-03-11, 15:02","2026-03-11, 15:02","4 Corolin Rd, Gloucester GL2 5DQ, UK","4 Corolin Rd, Gloucester GL2 5DQ, UK","0.00","0.002","Commute","51.8369779","-2.26611984","51.83697806","-2.26612015","41060.20","41060.20","SINGLE","59","59",""
"2026-03-11, 14:56","2026-03-11, 14:56","4 Corolin Rd, Gloucester GL2 5DQ, UK","4 Corolin Rd, Gloucester GL2 5DQ, UK","0.00","0.014","Commute","51.83693103","-2.26616721","51.8369666","-2.26608631","41060.20","41060.20","SINGLE","59","59",""
"2026-03-11, 14:47","2026-03-11, 14:47","4 Corolin Rd, Gloucester GL2 5DQ, UK","4 Corolin Rd, Gloucester GL2 5DQ, UK","0.00","0.002","Commute","51.83694859","-2.26604818","51.83694324","-2.26604815","41060.20","41060.20","SINGLE","59","59",""
"2026-03-11, 14:46","2026-03-11, 14:47","4 Corolin Rd, Gloucester GL2 5DQ, UK","4 Corolin Rd, Gloucester GL2 5DQ, UK","0.00","0.007","Commute","51.83695878","-2.26611256","51.83694859","-2.26604818","41060.20","41060.20","SINGLE","59","59",""
"2026-03-11, 14:44","2026-03-11, 14:44","4 Corolin Rd, Gloucester GL2 5DQ, UK","4 Corolin Rd, Gloucester GL2 5DQ, UK","0.00","0.003","Commute","51.83697928","-2.26617968","51.83696146","-2.26608571","41060.20","41060.20","SINGLE","59","59",""
"2026-03-11, 14:39","2026-03-11, 14:39","4 Corolin Rd, Gloucester GL2 5DQ, UK","4 Corolin Rd, Gloucester GL2 5DQ, UK","0.00","0.002","Commute","51.83693327","-2.26618249","51.83694312","-2.2661714","41060.20","41060.20","SINGLE","59","59",""
"2026-03-11, 14:31","2026-03-11, 14:37","11 Byron Ave, Gloucester GL2 5AG, UK","4 Corolin Rd, Gloucester GL2 5DQ, UK","0.62","0.271","Commute","51.83803169","-2.26074572","51.83691029","-2.26619218","41059.57","41060.20","SINGLE","59","59",""
"2026-03-11, 14:25","2026-03-11, 14:31","4 Corolin Rd, Gloucester GL2 5DQ, UK","11 Byron Ave, Gloucester GL2 5AG, UK","0.62","0.274","Commute","51.83699577","-2.2662878","51.83803091","-2.2607457","41058.95","41059.57","SINGLE","60","59",""
"2026-03-11, 14:23","2026-03-11, 14:24","4 Corolin Rd, Gloucester GL2 5DQ, UK","4 Corolin Rd, Gloucester GL2 5DQ, UK","0.00","0.023","Commute","51.83702219","-2.26629557","51.83705335","-2.26628711","41058.95","41058.95","SINGLE","60","60",""
"2026-03-11, 14:20","2026-03-11, 14:21","4 Corolin Rd, Gloucester GL2 5DQ, UK","4 Corolin Rd, Gloucester GL2 5DQ, UK","0.00","0.012","Commute","51.83694265","-2.26636422","51.8369819","-2.26638651","41058.95","41058.95","SINGLE","60","60",""
"2026-03-11, 13:59","2026-03-11, 14:01","4 Corolin Rd, Gloucester GL2 5DQ, UK","4 Corolin Rd, Gloucester GL2 5DQ, UK","0.00","0.031","Commute","51.83679809","-2.26649708","51.83688726","-2.26626116","41058.95","41058.95","SINGLE","60","60",""
"2026-03-11, 13:37","2026-03-11, 13:44","A38, Hardwicke, Gloucester GL2 4RD, UK","4 Corolin Rd, Gloucester GL2 5DQ, UK","2.49","0.564","Commute","51.81031914","-2.28547132","51.83679532","-2.26650471","41056.47","41058.95","SINGLE","61","60",""
"2026-03-11, 12:37","2026-03-11, 13:13","48 Park Row, Bristol BS1 5LH, UK","Hardwicke Roundabout, Bristol Rd, Hardwicke, Gloucester GL2 2RQ, UK","29.83","10.553","Commute","51.45550673","-2.60221792","51.80506761","-2.29010164","41026.02","41055.85","SINGLE","74","61",""
"2026-03-11, 08:37","2026-03-11, 09:36","69 Regent St, Stonehouse GL10 2AA, UK","University Gate East, Park Row, Bristol BS1 5UB, UK","29.83","12.538","Commute","51.74352281","-2.28357941","51.45574703","-2.60248652","40996.19","41026.02","SINGLE","90","74",""
"2026-03-11, 08:27","2026-03-11, 08:34","1 Holbrow Cl, Stonehouse GL10 3GL, UK","69 Regent St, Stonehouse GL10 2AA, UK","2.49","0.62","Commute","51.72825891","-2.28011986","51.74352584","-2.28358514","40993.71","40996.19","SINGLE","90","90",""
"2026-03-10, 18:24","2026-03-10, 19:06","University Gate East, Park Row, Bristol BS1 5UB, UK","1 Holbrow Cl, Stonehouse GL10 3GL, UK","30.45","10.369","Commute","51.4557884","-2.60260832","51.72824508","-2.28011072","40963.26","40993.71","SINGLE","75","62",""
"2026-03-10, 06:08","2026-03-10, 06:49","1 Holbrow Cl, Stonehouse GL10 3GL, UK","University Gate East, Park Row, Bristol BS1 5UB, UK","29.83","12.479","Commute","51.72825417","-2.28009572","51.4557884","-2.60260832","40933.44","40963.26","SINGLE","90","75",""
"2026-03-09, 19:18","2026-03-09, 19:58","8 Park Pl, Bristol BS2 8BE, UK","1 Holbrow Cl, Stonehouse GL10 3GL, UK","30.45","11.051","Commute","51.45698368549347","-2.5995218753814697","51.7282646","-2.28008761","40902.99","40933.44","SINGLE","72","58",""
"2026-03-09, 08:32","2026-03-09, 09:27","69 Regent St, Stonehouse GL10 2AA, UK","81 Woodland Rd, Bristol BS8 1US, UK","29.83","10.496","Commute","51.74351434","-2.28356248","51.4558651","-2.60260414","40873.16","40902.99","SINGLE","84","71",""
"2026-03-09, 08:20","2026-03-09, 08:28","1 Holbrow Cl, Stonehouse GL10 3GL, UK","69 Regent St, Stonehouse GL10 2AA, UK","2.49","0.717","Commute","51.7282771","-2.28011076","51.74351682","-2.28357361","40870.68","40873.16","SINGLE","86","85",""
"2026-03-08, 11:44","2026-03-08, 11:52","137 Westward Rd, Ebley, Stroud GL5 4TS, UK","1 Holbrow Cl, Stonehouse GL10 3GL, UK","3.11","1.039","Commute","51.74152856","-2.24674778","51.72825531","-2.28009925","40867.57","40870.68","SINGLE","87","86",""
"2026-03-08, 10:50","2026-03-08, 11:00","1 Holbrow Cl, Stonehouse GL10 3GL, UK","139 Westward Rd, Ebley, Stroud GL5 4TS, UK","2.49","1.537","Commute","51.72827275","-2.28009998","51.74154424","-2.24682766","40865.09","40867.57","SINGLE","90","88",""
"2026-03-06, 19:33","2026-03-06, 19:51","MH49+M7 Berkeley, UK","1 Holbrow Cl, Stonehouse GL10 3GL, UK","12.43","4.839","Commute","51.65672727","-2.43185214","51.72824597","-2.28009857","40852.66","40865.09","SINGLE","64","58",""
"2026-03-06, 19:01","2026-03-06, 19:26","University Gate East, Park Row, Bristol BS1 5UB, UK","MH49+P6 Berkeley, UK","18.02","6.805","Commute","51.45575296","-2.6025713","51.65675044","-2.431978","40834.64","40852.66","SINGLE","74","65",""
"2026-03-05, 05:35","2026-03-05, 06:14","1 Holbrow Cl, Stonehouse GL10 3GL, UK","University Gate East, Park Row, Bristol BS1 5UB, UK","30.45","14.22","Commute","51.72829441","-2.28012135","51.45575296","-2.6025713","40804.19","40834.64","SINGLE","90","73",""
"2026-03-03, 19:11","2026-03-03, 20:27","University Gate East, Park Row, Bristol BS1 5UB, UK","1 Holbrow Cl, Stonehouse GL10 3GL, UK","30.45","11.704","Commute","51.45566702","-2.60266597","51.72825788","-2.28009729","40773.74","40804.19","SINGLE","75","60",""
"2026-03-03, 08:22","2026-03-03, 09:15","69 Regent St, Stonehouse GL10 2AA, UK","University Gate East, Park Row, Bristol BS1 5UB, UK","29.83","12.021","Commute","51.74339949","-2.28358056","51.45566702","-2.60266597","40743.92","40773.74","SINGLE","90","75",""
"2026-03-03, 08:12","2026-03-03, 08:20","1 Holbrow Cl, Stonehouse GL10 3GL, UK","69 Regent St, Stonehouse GL10 2AA, UK","1.86","0.596","Commute","51.72822379","-2.2801137","51.7434104","-2.28357292","40742.05","40743.92","SINGLE","90","90",""
"2026-03-02, 18:44","2026-03-02, 19:25","University Gate East, Park Row, Bristol BS1 5UB, UK","1 Holbrow Cl, Stonehouse GL10 3GL, UK","30.45","11.87","Commute","51.45571541","-2.60260094","51.728245","-2.28008172","40711.61","40742.05","SINGLE","70","55",""
"2026-03-02, 08:31","2026-03-02, 09:17","41 Regent St, Stonehouse GL10 2AA, UK","University Gate East, Park Row, Bristol BS1 5UB, UK","29.83","11.59","Commute","51.7440078","-2.28338092","51.45571541","-2.60260094","40681.78","40711.61","SINGLE","83","69",""
"2026-03-02, 08:22","2026-03-02, 08:30","1 Holbrow Cl, Stonehouse GL10 3GL, UK","41 Regent St, Stonehouse GL10 2AA, UK","1.86","0.697","Commute","51.72826001","-2.28008487","51.74401352","-2.28337652","40679.92","40681.78","SINGLE","84","83",""
"2026-03-01, 15:08","2026-03-01, 15:15","Stonehouse, Stonehouse GL10 2JW, UK","1 Holbrow Cl, Stonehouse GL10 3GL, UK","1.86","0.599","Commute","51.74568625","-2.27946045","51.72822797","-2.28010115","40678.05","40679.92","SINGLE","85","84",""
"2026-03-01, 14:53","2026-03-01, 14:59","1 Holbrow Cl, Stonehouse GL10 3GL, UK","Stonehouse, Stonehouse GL10 2JW, UK","1.86","0.6","Commute","51.7282739","-2.28009293","51.74571058","-2.27940331","40676.19","40678.05","SINGLE","86","85",""
"2026-03-01, 11:45","2026-03-01, 11:54","141 Westward Rd, Ebley, Stroud GL5 4TS, UK","1 Holbrow Cl, Stonehouse GL10 3GL, UK","3.11","0.952","Commute","51.74136702","-2.24727684","51.72825692","-2.28009026","40673.08","40676.19","SINGLE","87","86",""
"2026-03-01, 10:53","2026-03-01, 11:02","1 Holbrow Cl, Stonehouse GL10 3GL, UK","141 Westward Rd, Ebley, Stroud GL5 4TS, UK","3.11","1.634","Commute","51.72826123","-2.28009396","51.74136262","-2.24731554","40669.97","40673.08","SINGLE","90","88",""
"2026-02-28, 18:04","2026-02-28, 18:13","Lion House, Rowcroft, Stroud GL5 3BY, UK","1 Holbrow Cl, Stonehouse GL10 3GL, UK","3.73","1.309","Commute","51.74546813","-2.2202768","51.72826398","-2.28010529","40666.25","40669.97","SINGLE","87","85",""
"2026-02-28, 17:39","2026-02-28, 17:46","74 Brockley Rd, King's Stanley, Stonehouse GL10 3HF, UK","Rowcroft Medical Centre, Rowcroft Retreat, Stroud GL5 3BE, UK","2.49","1.403","Commute","51.73437144","-2.27610452","51.74554309","-2.22018039","40663.76","40666.25","SINGLE","90","88",""
"2026-02-27, 16:15","2026-02-27, 16:31","1 Holbrow Cl, Stonehouse GL10 3GL, UK","1 Holbrow Cl, Stonehouse GL10 3GL, UK","4.35","1.604","Commute","51.72832454","-2.27997507","51.72825437","-2.28009729","40658.17","40662.52","SINGLE","55","53",""
"2026-02-27, 16:11","2026-02-27, 16:14","1 Holbrow Cl, Stonehouse GL10 3GL, UK","1 Holbrow Cl, Stonehouse GL10 3GL, UK","0.62","0.274","Commute","51.72825499","-2.28012258","51.72832408","-2.27997712","40657.55","40658.17","SINGLE","56","55",""
"2026-02-27, 08:43","2026-02-27, 08:44","1 Holbrow Cl, Stonehouse GL10 3GL, UK","1 Holbrow Cl, Stonehouse GL10 3GL, UK","0.00","0.016","Commute","51.72826202","-2.27997162","51.72824311","-2.28010231","40657.55","40657.55","SINGLE","56","56",""
"2026-02-27, 08:26","2026-02-27, 08:43","55 Regent St, Stonehouse GL10 2AA, UK","1 Holbrow Cl, Stonehouse GL10 3GL, UK","3.73","2.569","Commute","51.74393126","-2.28346095","51.72823257","-2.28015293","40653.82","40657.55","SINGLE","60","56",""
"2026-02-27, 08:17","2026-02-27, 08:25","1 Holbrow Cl, Stonehouse GL10 3GL, UK","55 Regent St, Stonehouse GL10 2AA, UK","2.49","0.604","Commute","51.72825651","-2.280142","51.74393262","-2.28345799","40651.33","40653.82","SINGLE","61","60",""
"2026-02-26, 14:31","2026-02-26, 15:23","Fieldfare, Emersons Green, Bristol BS16 7FN, UK","1 Holbrow Cl, Stonehouse GL10 3GL, UK","26.72","8.341","Commute","51.50512938","-2.4875316","51.72826426","-2.28011386","40624.61","40651.33","SINGLE","71","60",""
"2026-02-26, 14:08","2026-02-26, 14:13","Science Park, Emersons Green, Bristol BS16 7FR, UK","Fieldfare, Emersons Green, Bristol BS16 7FN, UK","0.62","0.272","Commute","51.49949524","-2.47623363","51.50515947","-2.48751701","40623.99","40624.61","SINGLE","71","71",""
"2026-02-26, 12:39","2026-02-26, 13:03","10 Woodland Rd, Bristol BS8 1UQ, UK","Science Park, Emersons Green, Bristol BS16 7FR, UK","9.32","2.885","Commute","51.45968715","-2.60438424","51.49953358","-2.47622563","40614.67","40623.99","SINGLE","75","71",""
"2026-02-26, 08:35","2026-02-26, 09:34","55 Regent St, Stonehouse GL10 2AA, UK","10 Woodland Rd, Bristol BS8 1UQ, UK","31.69","12.258","Commute","51.74392063","-2.28345038","51.45975117","-2.60438529","40582.98","40614.67","SINGLE","90","74",""
"2026-02-26, 08:26","2026-02-26, 08:34","1 Holbrow Cl, Stonehouse GL10 3GL, UK","55 Regent St, Stonehouse GL10 2AA, UK","1.86","0.607","Commute","51.72828025","-2.28010357","51.74392112","-2.28345","40581.12","40582.98","SINGLE","90","90",""
"2026-02-25, 17:40","2026-02-25, 18:33","1A Lower Church Ln, Bristol BS2 8BA, UK","1 Holbrow Cl, Stonehouse GL10 3GL, UK","30.45","10.989","Commute","51.45641136","-2.59865867","51.72826118","-2.28011396","40550.67","40581.12","SINGLE","48","34",""
"2026-02-25, 08:21","2026-02-25, 09:23","55 Regent St, Stonehouse GL10 2AA, UK","1A Lower Church Ln, Bristol BS2 8BA, UK","29.83","11.89","Commute","51.74392495","-2.28345005","51.45639432","-2.5986669","40520.85","40550.67","SINGLE","62","47",""
"2026-02-25, 08:12","2026-02-25, 08:19","1 Holbrow Cl, Stonehouse GL10 3GL, UK","55 Regent St, Stonehouse GL10 2AA, UK","1.86","0.788","Commute","51.72821109","-2.28012503","51.74393377","-2.28345388","40518.98","40520.85","SINGLE","64","62",""
"2026-02-24, 17:45","2026-02-24, 18:36","75 Woodland Rd, Bristol BS8 1UB, UK","1 Holbrow Cl, Stonehouse GL10 3GL, UK","30.45","9.754","Commute","51.45607688","-2.60286198","51.72825518","-2.28013087","40488.53","40518.98","SINGLE","75","63",""
"2026-02-24, 16:09","2026-02-24, 16:19","52 Lower Castle St, Bristol BS35 1HB, UK","75 Woodland Rd, Bristol BS8 1UB, UK","1.86","0.777","Commute","51.45680774","-2.58530906","51.45612831","-2.60290511","40486.67","40488.53","SINGLE","76","75",""
"2026-02-24, 08:29","2026-02-24, 09:32","69 Regent St, Stonehouse GL10 2AA, UK","52 Lower Castle St, Bristol BS35 1HB, UK","29.20","10.889","Commute","51.74344229","-2.28356439","51.45678145","-2.5853168","40457.47","40486.67","SINGLE","90","76",""
"2026-02-24, 08:19","2026-02-24, 08:27","1 Holbrow Cl, Stonehouse GL10 3GL, UK","69 Regent St, Stonehouse GL10 2AA, UK","2.49","0.596","Commute","51.72831786","-2.28001836","51.74343644","-2.28356226","40454.98","40457.47","SINGLE","90","90",""
"2026-02-24, 08:15","2026-02-24, 08:16","1 Holbrow Cl, Stonehouse GL10 3GL, UK","1 Holbrow Cl, Stonehouse GL10 3GL, UK","0.00","0.018","Commute","51.72828459","-2.28011296","51.72832125","-2.28000679","40454.98","40454.98","SINGLE","90","90",""
"2026-02-23, 19:00","2026-02-23, 19:40","University Gate East, Park Row, Bristol BS1 5UB, UK","1 Holbrow Cl, Stonehouse GL10 3GL, UK","30.45","11.424","Commute","51.45576565","-2.60249066","51.72824746","-2.28007739","40424.53","40454.98","SINGLE","71","57",""
"2026-02-23, 08:34","2026-02-23, 09:20","69 Regent St, Stonehouse GL10 2AA, UK","University Gate East, Park Row, Bristol BS1 5UB, UK","29.20","11.755","Commute","51.74351759","-2.28359982","51.45576565","-2.60249066","40395.33","40424.53","SINGLE","85","71",""
"2026-02-23, 08:23","2026-02-23, 08:32","1 Holbrow Cl, Stonehouse GL10 3GL, UK","69 Regent St, Stonehouse GL10 2AA, UK","1.86","0.691","Commute","51.72825388","-2.2800953","51.74352287","-2.28359358","40393.46","40395.33","SINGLE","86","85",""
"2026-02-22, 11:47","2026-02-22, 11:56","141 Westward Rd, Ebley, Stroud GL5 4TS, UK","1 Holbrow Cl, Stonehouse GL10 3GL, UK","3.11","0.95","Commute","51.741404","-2.24725031","51.7282562","-2.28007698","40390.36","40393.46","SINGLE","87","86",""
"2026-02-22, 10:50","2026-02-22, 11:03","1 Holbrow Cl, Stonehouse GL10 3GL, UK","141 Westward Rd, Ebley, Stroud GL5 4TS, UK","3.11","0.939","Commute","51.72821571","-2.28010301","51.74138682","-2.24723555","40387.25","40390.36","SINGLE","90","89",""
"2026-02-21, 21:13","2026-02-21, 22:20","14 Underleaf Way, Peasedown St John, Bath BA2 8SY, UK","1 Holbrow Cl, Stonehouse GL10 3GL, UK","45.36","15.975","Commute","51.31234138","-2.41934584","51.72825372","-2.28010452","40341.89","40387.25","SINGLE","68","48",""
"2026-02-21, 16:31","2026-02-21, 17:46","1 Holbrow Cl, Stonehouse GL10 3GL, UK","14 Underleaf Way, Peasedown St John, Bath BA2 8SY, UK","45.36","17.936","Commute","51.72830634","-2.27999919","51.31233737","-2.41935084","40296.53","40341.89","SINGLE","90","68",""
"2026-02-16, 19:54","2026-02-16, 19:55","1 Holbrow Cl, Stonehouse GL10 3GL, UK","1 Holbrow Cl, Stonehouse GL10 3GL, UK","0.00","0.014","Commute","51.72826054","-2.28009039","51.72827489","-2.2800855","40296.53","40296.53","SINGLE","61","61",""
"2026-02-16, 19:09","2026-02-16, 19:53","43 Woodland Rd, Bristol BS8 1UU, UK","1 Holbrow Cl, Stonehouse GL10 3GL, UK","30.45","10.838","Commute","51.45786096","-2.60374466","51.72829356","-2.279992","40266.08","40296.53","SINGLE","74","61",""
"2026-02-16, 06:14","2026-02-16, 06:59","1 Holbrow Cl, Stonehouse GL10 3GL, UK","43 Woodland Rd, Bristol BS8 1UU, UK","31.07","13.63","Commute","51.72821277","-2.28011615","51.45786166","-2.60373668","40235.01","40266.08","SINGLE","90","73",""
"2026-02-13, 08:32","2026-02-13, 08:46","55 Regent St, Stonehouse GL10 2AA, UK","1 Holbrow Cl, Stonehouse GL10 3GL, UK","2.49","1.333","Commute","51.74393282","-2.28347902","51.72824393","-2.28011018","40232.53","40235.01","SINGLE","83","81",""
"2026-02-13, 08:23","2026-02-13, 08:31","1 Holbrow Cl, Stonehouse GL10 3GL, UK","55 Regent St, Stonehouse GL10 2AA, UK","2.49","0.563","Commute","51.72823904","-2.28023058","51.74393562","-2.28346411","40230.04","40232.53","SINGLE","83","83",""
"2026-02-12, 08:32","2026-02-12, 08:48","69 Regent St, Stonehouse GL10 2AA, UK","1 Holbrow Cl, Stonehouse GL10 3GL, UK","3.73","2.406","Commute","51.74354022","-2.28359982","51.72823691","-2.28019171","40226.32","40230.04","SINGLE","89","86",""
"2026-02-12, 08:21","2026-02-12, 08:30","1 Holbrow Cl, Stonehouse GL10 3GL, UK","69 Regent St, Stonehouse GL10 2AA, UK","1.86","0.53","Commute","51.72827831","-2.28009366","51.74354527","-2.28357208","40224.45","40226.32","SINGLE","90","89",""
"2026-02-11, 19:16","2026-02-11, 20:05","7 Richmond Hill Ave, Clifton, Bristol BS8 1BG, UK","1 Holbrow Cl, Stonehouse GL10 3GL, UK","31.07","0","Commute","51.45650773","-2.61279129","51.72824667","-2.2800759","40193.38","40224.45","SINGLE","49","36",""
"2026-02-11, 08:31","2026-02-11, 09:37","55 Regent St, Stonehouse GL10 2AA, UK","Richmond Building, 105 Queens Rd, Clifton, Bristol BS8 1LN, UK","31.07","11.158","Commute","51.74394137","-2.28346774","51.45651318","-2.61296682","40162.31","40193.38","SINGLE","62","48",""
"2026-02-11, 08:21","2026-02-11, 08:29","1 Holbrow Cl, Stonehouse GL10 3GL, UK","55 Regent St, Stonehouse GL10 2AA, UK","1.86","0.483","Commute","51.72827732","-2.28011711","51.7439517","-2.2834704","40160.45","40162.31","SINGLE","63","62",""
"2026-02-10, 19:23","2026-02-10, 20:11","Richmond Building, 105 Queens Rd, Clifton, Bristol BS8 1LN, UK","1 Holbrow Cl, Stonehouse GL10 3GL, UK","31.07","9.768","Commute","51.45640878","-2.6129916","51.72825989","-2.28012216","40129.38","40160.45","SINGLE","76","64",""
"2026-02-10, 08:29","2026-02-10, 09:28","55 Regent St, Stonehouse GL10 2AA, UK","Richmond Building, 105 Queens Rd, Clifton, Bristol BS8 1LN, UK","29.83","10.275","Commute","51.7439141","-2.28345869","51.456443","-2.6130904","40099.56","40129.38","SINGLE","89","76",""
"2026-02-10, 08:19","2026-02-10, 08:28","1 Holbrow Cl, Stonehouse GL10 3GL, UK","55 Regent St, Stonehouse GL10 2AA, UK","1.86","0.57","Commute","51.72823564","-2.28010881","51.74392486","-2.2834476","40097.69","40099.56","SINGLE","90","89",""
"2026-02-09, 19:57","2026-02-09, 20:44","7A Buckingham Pl, Clifton, Bristol BS8 1LH, UK","1 Holbrow Cl, Stonehouse GL10 3GL, UK","31.07","11.804","Commute","51.45727243","-2.61365185","51.72825181","-2.28008627","40066.62","40097.69","SINGLE","72","57",""
"2026-02-09, 08:32","2026-02-09, 09:25","38-40 Regent St, Stonehouse GL10 2AD, UK","Richmond Building, 105 Queens Rd, Clifton, Bristol BS8 1LN, UK","29.20","9.805","Commute","51.74358391","-2.28360725","51.45655493","-2.61333636","40037.42","40066.62","SINGLE","83","71",""
"2026-02-09, 08:20","2026-02-09, 08:30","1 Holbrow Cl, Stonehouse GL10 3GL, UK","38-40 Regent St, Stonehouse GL10 2AD, UK","2.49","0.627","Commute","51.72827411","-2.28010752","51.74355226","-2.28360589","40034.93","40037.42","SINGLE","84","83",""
"2026-02-08, 11:45","2026-02-08, 11:55","6 Greenaways, Ebley, Stroud GL5 4UQ, UK","1 Holbrow Cl, Stonehouse GL10 3GL, UK","2.49","1.038","Commute","51.74082923","-2.24827978","51.72824573","-2.28008372","40032.45","40034.93","SINGLE","87","86",""
"2026-02-08, 10:50","2026-02-08, 11:00","1 Holbrow Cl, Stonehouse GL10 3GL, UK","6 Greenaways, Ebley, Stroud GL5 4UQ, UK","3.11","1.579","Commute","51.72830172","-2.28009129","51.74076706","-2.24831037","40029.34","40032.45","SINGLE","90","88",""
"2026-02-06, 08:36","2026-02-06, 08:49","55 Regent St, Stonehouse GL10 2AA, UK","1 Holbrow Cl, Stonehouse GL10 3GL, UK","3.73","1.582","Commute","51.74394998","-2.28349238","51.72824579","-2.28008657","40025.61","40029.34","SINGLE","56","54",""
"2026-02-06, 08:26","2026-02-06, 08:34","1 Holbrow Cl, Stonehouse GL10 3GL, UK","55 Regent St, Stonehouse GL10 2AA, UK","1.86","0.563","Commute","51.72827184","-2.28009978","51.74394992","-2.28346502","40023.75","40025.61","SINGLE","57","56",""
"2026-02-05, 19:20","2026-02-05, 20:08","University Gate East, Park Row, Bristol BS1 5UB, UK","1 Holbrow Cl, Stonehouse GL10 3GL, UK","31.07","12.489","Commute","51.45573494","-2.6025049","51.72825167","-2.28009023","39992.68","40023.75","SINGLE","75","59",""
"2026-02-05, 08:30","2026-02-05, 09:21","55 Regent St, Stonehouse GL10 2AA, UK","University Gate East, Park Row, Bristol BS1 5UB, UK","29.83","11.652","Commute","51.74393968","-2.28348367","51.45573494","-2.6025049","39962.85","39992.68","SINGLE","89","74",""
"2026-02-05, 08:20","2026-02-05, 08:29","1 Holbrow Cl, Stonehouse GL10 3GL, UK","55 Regent St, Stonehouse GL10 2AA, UK","1.86","0.615","Commute","51.72825793","-2.28008786","51.74394434","-2.28346991","39960.99","39962.85","SINGLE","90","89",""
"2026-02-04, 20:44","2026-02-04, 21:28","Richmond Building, 105 Queens Rd, Clifton, Bristol BS8 1LN, UK","1 Holbrow Cl, Stonehouse GL10 3GL, UK","31.07","13.456","Commute","51.45659151","-2.61344189","51.72826064","-2.2800677","39929.92","39960.99","SINGLE","70","53",""
"2026-02-04, 08:25","2026-02-04, 09:28","55 Regent St, Stonehouse GL10 2AA, UK","Richmond Building, 105 Queens Rd, Clifton, Bristol BS8 1LN, UK","31.07","13.498","Commute","51.74393374","-2.2834883","51.45655691","-2.61323671","39898.85","39929.92","SINGLE","87","70",""
"2026-02-04, 08:17","2026-02-04, 08:24","1 Holbrow Cl, Stonehouse GL10 3GL, UK","55 Regent St, Stonehouse GL10 2AA, UK","1.86","1.722","Commute","51.72826387","-2.28009373","51.74393888","-2.28346719","39896.99","39898.85","SINGLE","90","87",""
"2026-02-03, 18:38","2026-02-03, 19:26","Richmond Building, 105 Queens Rd, Clifton, Bristol BS8 1LN, UK","1 Holbrow Cl, Stonehouse GL10 3GL, UK","30.45","14.548","Commute","51.45646167","-2.61317607","51.72824639","-2.28008638","39866.54","39896.99","SINGLE","71","53",""
"2026-02-03, 08:32","2026-02-03, 09:30","41 Regent St, Stonehouse GL10 2AA, UK","Richmond Building, 105 Queens Rd, Clifton, Bristol BS8 1LN, UK","29.83","12.595","Commute","51.74420315","-2.28319989","51.45648247","-2.61304596","39836.72","39866.54","SINGLE","87","71",""
"2026-02-03, 08:21","2026-02-03, 08:29","1 Holbrow Cl, Stonehouse GL10 3GL, UK","41 Regent St, Stonehouse GL10 2AA, UK","1.86","1.774","Commute","51.72826338","-2.28010075","51.74420896","-2.28318854","39834.85","39836.72","SINGLE","90","87",""
"2026-02-02, 18:34","2026-02-02, 19:16","University Gate East, Park Row, Bristol BS1 5UB, UK","1 Holbrow Cl, Stonehouse GL10 3GL, UK","30.45","12.701","Commute","51.45565276","-2.60254537","51.72824776","-2.2800892","39804.40","39834.85","SINGLE","70","54",""
"2026-02-02, 08:27","2026-02-02, 09:21","55 Regent St, Stonehouse GL10 2AA, UK","University Gate East, Park Row, Bristol BS1 5UB, UK","29.83","10.721","Commute","51.74394462","-2.28345586","51.45565276","-2.60254537","39774.58","39804.40","SINGLE","83","69",""
"2026-02-02, 08:19","2026-02-02, 08:26","1 Holbrow Cl, Stonehouse GL10 3GL, UK","55 Regent St, Stonehouse GL10 2AA, UK","1.86","0.525","Commute","51.72825555","-2.28013071","51.74394335","-2.28344688","39772.71","39774.58","SINGLE","83","83",""
"2026-02-01, 11:44","2026-02-01, 11:53","128 Westward Rd, Ebley, Stroud GL5 4ST, UK","1 Holbrow Cl, Stonehouse GL10 3GL, UK","3.11","1.136","Commute","51.74159059","-2.2467632","51.72826555","-2.2801282","39769.61","39772.71","SINGLE","87","85",""
"2026-02-01, 10:52","2026-02-01, 11:02","1 Holbrow Cl, Stonehouse GL10 3GL, UK","128 Westward Rd, Ebley, Stroud GL5 4ST, UK","3.11","1.575","Commute","51.7282385","-2.28009521","51.74156613","-2.24675693","39766.50","39769.61","SINGLE","90","88",""
"2026-01-31, 14:10","2026-01-31, 14:16","Millvale House, Selsley Hill, Dudbridge, Stroud GL5 3HF, UK","1 Holbrow Cl, Stonehouse GL10 3GL, UK","2.49","1.053","Commute","51.73870988","-2.24039209","51.72825794","-2.28010006","39764.02","39766.50","SINGLE","79","77",""
"2026-01-31, 13:49","2026-01-31, 13:53","Dudbridge Hill B&Q, Stroud GL5 3HN, UK","Millvale House, Selsley Hill, Dudbridge, Stroud GL5 3HF, UK","0.62","0.083","Commute","51.73877956","-2.23337383","51.73866084","-2.24037437","39763.39","39764.02","SINGLE","79","79",""
"2026-01-31, 13:25","2026-01-31, 13:35","21 High St, Stonehouse GL10 2NG, UK","Dudbridge Hill B&Q, Stroud GL5 3HN, UK","3.73","1.373","Commute","51.74684427","-2.28301821","51.7387498","-2.23340199","39759.67","39763.39","SINGLE","81","79",""
"2026-01-31, 13:14","2026-01-31, 13:21","1 Holbrow Cl, Leonard Stanley, Stonehouse GL10 3GL, UK","21 High St, Stonehouse GL10 2NG, UK","1.86","0.647","Commute","51.72821561","-2.28083293","51.74684584","-2.28303116","39757.80","39759.67","SINGLE","82","81",""
"2026-01-30, 08:28","2026-01-30, 08:41","55 Regent St, Stonehouse GL10 2AA, UK","1 Holbrow Cl, Stonehouse GL10 3GL, UK","3.73","3.525","Commute","51.74393185","-2.28343555","51.72825711","-2.28009805","39754.07","39757.80","SINGLE","87","82",""
"2026-01-30, 08:21","2026-01-30, 08:27","1 Holbrow Cl, Stonehouse GL10 3GL, UK","41 Regent St, Stonehouse GL10 2AA, UK","1.86","1.74","Commute","51.72826261","-2.28011018","51.74396273","-2.28344515","39752.21","39754.07","SINGLE","90","87",""
"2026-01-29, 18:07","2026-01-29, 19:03","22 Park Row, Bristol BS1 5LJ, UK","1 Holbrow Cl, Stonehouse GL10 3GL, UK","31.07","12.287","Commute","51.45540118217468","-2.601109743118286","51.72824811","-2.28011296","39721.14","39752.21","SINGLE","70","54",""
"2026-01-29, 08:30","2026-01-29, 09:29","55 Regent St, Stonehouse GL10 2AA, UK","University Gate East, Park Row, Bristol BS1 5UB, UK","29.20","13.932","Commute","51.74395937","-2.28346306","51.45562913","-2.60245423","39691.94","39721.14","SINGLE","87","69",""
"2026-01-29, 08:21","2026-01-29, 08:29","1 Holbrow Cl, Stonehouse GL10 3GL, UK","55 Regent St, Stonehouse GL10 2AA, UK","1.86","1.836","Commute","51.72827248","-2.28010951","51.74396058","-2.28346076","39690.07","39691.94","SINGLE","90","87",""
"2026-01-28, 18:36","2026-01-28, 19:20","1 Lower Church Ln, Bristol BS2 8BA, UK","1 Holbrow Cl, Stonehouse GL10 3GL, UK","31.07","13.174","Commute","51.45629418","-2.59876881","51.72825086","-2.28007689","39659.00","39690.07","SINGLE","71","54",""
"2026-01-28, 09:23","2026-01-28, 09:24","1 Lower Church Ln, Bristol BS2 8BA, UK","1 Lower Church Ln, Bristol BS2 8BA, UK","0.00","0.01","Commute","51.45627852","-2.59875644","51.45627202","-2.59876365","39659.00","39659.00","SINGLE","70","70",""
"2026-01-28, 08:25","2026-01-28, 09:23","55 Regent St, Stonehouse GL10 2AA, UK","1 Lower Church Ln, Bristol BS2 8BA, UK","29.83","13.064","Commute","51.74394341","-2.28346459","51.45627891","-2.59875677","39629.18","39659.00","SINGLE","87","70",""
"2026-01-28, 08:17","2026-01-28, 08:24","1 Holbrow Cl, Stonehouse GL10 3GL, UK","55 Regent St, Stonehouse GL10 2AA, UK","1.86","1.825","Commute","51.72825147","-2.28007914","51.74394311","-2.2834616","39627.31","39629.18","SINGLE","90","87",""
"2026-01-27, 18:24","2026-01-27, 19:09","14 York Pl, Clifton, Bristol BS8 1AH, UK","1 Holbrow Cl, Stonehouse GL10 3GL, UK","31.69","12.461","Commute","51.45475745201111","-2.612546682357788","51.72824167","-2.28008169","39595.62","39627.31","SINGLE","70","54",""
"2026-01-27, 10:45","2026-01-27, 10:54","49 Woodland Rd, Bristol BS8 1UL, UK","7 Richmond Hill Ave, Clifton, Bristol BS8 1BG, UK","1.24","0.562","Commute","51.45694619","-2.60348603","51.45662652","-2.61296407","39594.38","39595.62","SINGLE","70","70",""
"2026-01-27, 09:31","2026-01-27, 09:44","Northumbria Drive, Henleaze, Bristol BS9, UK","49 Woodland Rd, Bristol BS8 1UL, UK","2.49","0.835","Commute","51.48009098","-2.61155071","51.45695739","-2.60348451","39591.90","39594.38","SINGLE","72","70",""
"2026-01-27, 08:31","2026-01-27, 09:18","41 Regent St, Stonehouse GL10 2AA, UK","60A Northumbria Dr, Henleaze, Bristol BS9 4HW, UK","27.96","12.034","Commute","51.74406243","-2.28334232","51.48008765","-2.61154655","39563.93","39591.90","SINGLE","87","72",""
"2026-01-27, 08:19","2026-01-27, 08:29","1 Holbrow Cl, Stonehouse GL10 3GL, UK","41 Regent St, Stonehouse GL10 2AA, UK","1.86","1.826","Commute","51.72822881","-2.28010979","51.74404642","-2.28333914","39562.07","39563.93","SINGLE","90","87",""
"2026-01-26, 18:27","2026-01-26, 19:13","University Gate East, Park Row, Bristol BS1 5UB, UK","1 Holbrow Cl, Stonehouse GL10 3GL, UK","30.45","10.933","Commute","51.45578119","-2.60288897","51.72823816","-2.28010756","39531.62","39562.07","SINGLE","71","57",""
"2026-01-26, 08:25","2026-01-26, 09:21","55 Regent St, Stonehouse GL10 2AA, UK","University Gate East, Park Row, Bristol BS1 5UB, UK","29.83","13.033","Commute","51.74393675","-2.28344435","51.45578119","-2.60288897","39501.80","39531.62","SINGLE","87","70",""
"2026-01-26, 08:17","2026-01-26, 08:24","1 Holbrow Cl, Stonehouse GL10 3GL, UK","55 Regent St, Stonehouse GL10 2AA, UK","1.86","1.722","Commute","51.72824413","-2.2800823","51.74393723","-2.28343754","39499.93","39501.80","SINGLE","90","87",""
"2026-01-24, 22:10","2026-01-24, 22:28","MH49+F6 Berkeley, UK","1 Holbrow Cl, Stonehouse GL10 3GL, UK","13.05","5.824","Commute","51.65622911","-2.43188487","51.72827477","-2.28011466","39486.88","39499.93","SINGLE","28","21",""
"2026-01-24, 22:04","2026-01-24, 22:04","13/14, M5, Berkeley GL11 6DD, UK","13/14, M5, Berkeley GL11 6DD, UK","0.00","0.023","Commute","51.65644298","-2.43081809","51.65647132","-2.43077436","39486.88","39486.88","SINGLE","18","18",""
"2026-01-24, 20:52","2026-01-24, 22:03","Suite 1, The Courtyard, London Rd, Newbury RG14 1AX, UK","13/14, M5, Berkeley GL11 6DD, UK","71.46","31.306","Commute","51.40640306","-1.324199","51.65645049","-2.4308079","39415.43","39486.88","SINGLE","57","18",""
"2026-01-24, 17:35","2026-01-24, 17:37","Access House, 1-27 Strawberry Hill, Newbury RG14 1GE, UK","Suite 1, The Courtyard, London Rd, Newbury RG14 1AX, UK","0.62","0.111","Commute","51.40558212","-1.32751622","51.40641548","-1.32419411","39414.81","39415.43","SINGLE","57","57",""
"2026-01-24, 16:16","2026-01-24, 17:34","1 Holbrow Cl, Stonehouse GL10 3GL, UK","Access House, 1-27 Strawberry Hill, Newbury RG14 1GE, UK","58.41","26.856","Commute","51.72824271","-2.280176","51.40557935","-1.32751635","39356.40","39414.81","SINGLE","90","57",""
"2026-01-22, 08:28","2026-01-22, 08:42","69 Regent St, Stonehouse GL10 2AA, UK","1 Holbrow Cl, Stonehouse GL10 3GL, UK","3.73","1.44","Commute","51.74353997","-2.28359909","51.72825416","-2.28008638","39311.04","39314.76","SINGLE","52","50",""
"2026-01-22, 08:18","2026-01-22, 08:26","1 Holbrow Cl, Stonehouse GL10 3GL, UK","69 Regent St, Stonehouse GL10 2AA, UK","1.86","0.505","Commute","51.72825372","-2.28009144","51.7435406","-2.28359557","39309.17","39311.04","SINGLE","52","52",""
"2026-01-21, 18:01","2026-01-21, 18:55","Students Union, Clifton, Bristol BS8 1LL, UK","1 Holbrow Cl, Stonehouse GL10 3GL, UK","30.45","13.317","Commute","51.45660685","-2.61352408","51.72825299","-2.28008955","39278.73","39309.17","SINGLE","71","54",""
"2026-01-21, 08:30","2026-01-21, 09:26","55 Regent St, Stonehouse GL10 2AA, UK","Richmond Building, 105 Queens Rd, Clifton, Bristol BS8 1LN, UK","29.83","11.685","Commute","51.74393263","-2.28345556","51.45656566","-2.6133323","39248.90","39278.73","SINGLE","85","70",""
"2026-01-21, 08:18","2026-01-21, 08:26","1 Holbrow Cl, Stonehouse GL10 3GL, UK","55 Regent St, Stonehouse GL10 2AA, UK","1.86","1.779","Commute","51.72825992","-2.28007978","51.74392834","-2.28345267","39247.04","39248.90","SINGLE","90","87",""
"2026-01-20, 18:13","2026-01-20, 19:04","Richmond Building, 105 Queens Rd, Clifton, Bristol BS8 1LN, UK","1 Holbrow Cl, Stonehouse GL10 3GL, UK","35.42","14.928","Commute","51.45642907","-2.61300007","51.72824119","-2.28007816","39211.62","39247.04","SINGLE","71","53",""
"2026-01-20, 08:37","2026-01-20, 09:32","55 Regent St, Stonehouse GL10 2AA, UK","Richmond Building, 105 Queens Rd, Clifton, Bristol BS8 1LN, UK","29.20","12.382","Commute","51.74393359","-2.28343758","51.4564953","-2.61306675","39182.41","39211.62","SINGLE","87","71",""
"2026-01-20, 08:30","2026-01-20, 08:36","1 Holbrow Cl, Stonehouse GL10 3GL, UK","55 Regent St, Stonehouse GL10 2AA, UK","2.49","1.763","Commute","51.72823558","-2.2800506","51.74393398","-2.28344433","39179.93","39182.41","SINGLE","90","87",""
"2026-01-19, 19:58","2026-01-19, 20:40","10A Lower Church Ln, Bristol BS2 8BA, UK","1 Holbrow Cl, Stonehouse GL10 3GL, UK","30.45","13.141","Commute","51.45649179","-2.59857992","51.72825543","-2.28007557","39149.48","39179.93","SINGLE","72","55",""
"2026-01-19, 08:33","2026-01-19, 09:29","55 Regent St, Stonehouse GL10 2AA, UK","10A Lower Church Ln, Bristol BS2 8BA, UK","30.45","11.482","Commute","51.74391918","-2.28345327","51.45651961","-2.59858225","39119.03","39149.48","SINGLE","86","72",""
"2026-01-19, 08:24","2026-01-19, 08:32","1 Holbrow Cl, Stonehouse GL10 3GL, UK","55 Regent St, Stonehouse GL10 2AA, UK","1.86","1.909","Commute","51.72825246","-2.28007433","51.74392547","-2.28345605","39117.17","39119.03","SINGLE","90","87",""
"2026-01-18, 21:11","2026-01-18, 21:11","1 Holbrow Cl, Stonehouse GL10 3GL, UK","1 Holbrow Cl, Stonehouse GL10 3GL, UK","0.00","0.052","Commute","51.72829881","-2.28011383","51.72825167","-2.28010121","39117.17","39117.17","SINGLE","78","78",""
"2026-01-18, 12:06","2026-01-18, 12:16","139 Westward Rd, Ebley, Stroud GL5 4TS, UK","1 Holbrow Cl, Stonehouse GL10 3GL, UK","2.49","1.133","Commute","51.74153725","-2.24681838","51.72823836","-2.28008546","39114.68","39117.17","SINGLE","80","78",""
"2026-01-18, 11:48","2026-01-18, 11:52","PQQ5+FQ Stroud, UK","139 Westward Rd, Ebley, Stroud GL5 4TS, UK","1.24","0.364","Commute","51.73874382","-2.24056455","51.74154472","-2.24679579","39113.44","39114.68","SINGLE","80","80",""
"2026-01-18, 11:07","2026-01-18, 11:11","6 Greenaways, Ebley, Stroud GL5 4UQ, UK","PQQ5+FQ Stroud, UK","0.62","0.373","Commute","51.74091445","-2.24832296","51.73870344","-2.24060616","39112.82","39113.44","SINGLE","81","81",""
"2026-01-18, 10:54","2026-01-18, 11:03","9 Lyndon Morgan Wy, Leonard Stanley, King's Stanley, Stonehouse GL10 3GF, UK","6 Greenaways, Ebley, Stroud GL5 4UQ, UK","3.11","1.064","Commute","51.72922779","-2.27850344","51.74090757","-2.24831823","39109.71","39112.82","SINGLE","83","81",""
"2026-01-14, 11:32","2026-01-14, 11:59","Bentham Country Club, Bentham Ln, Witcombe, Gloucester GL3 4UD, UK","1 Holbrow Cl, Stonehouse GL10 3GL, UK","17.40","6.401","Commute","51.84478078","-2.12725771","51.72823223","-2.28017936","39016.51","39033.90","SINGLE","76","68",""
"2026-01-14, 08:10","2026-01-14, 09:12","1 Holbrow Cl, Stonehouse GL10 3GL, UK","Bentham Country Club, Bentham Ln, Witcombe, Gloucester GL3 4UD, UK","20.51","11.023","Commute","51.72831974","-2.28003372","51.84476648","-2.12727126","38996.00","39016.51","SINGLE","89","75",""
"2026-01-14, 08:05","2026-01-14, 08:08","1 Holbrow Cl, Stonehouse GL10 3GL, UK","1 Holbrow Cl, Stonehouse GL10 3GL, UK","0.00","0.121","Commute","51.7282436","-2.28008584","51.72833223","-2.2800319","38996.00","38996.00","SINGLE","90","89",""
"2026-01-13, 18:10","2026-01-13, 18:56","University Gate East, Park Row, Bristol BS1 5UB, UK","1 Holbrow Cl, Stonehouse GL10 3GL, UK","30.45","12.189","Commute","51.45571525","-2.60250106","51.72826661","-2.28010803","38965.55","38996.00","SINGLE","72","56",""
"2026-01-13, 07:59","2026-01-13, 09:18","1 Holbrow Cl, Stonehouse GL10 3GL, UK","University Gate East, Park Row, Bristol BS1 5UB, UK","36.04","14.341","Commute","51.72824389","-2.28010549","51.45571525","-2.60250106","38929.51","38965.55","SINGLE","90","72",""
"2026-01-12, 15:56","2026-01-12, 16:56","75 Woodland Rd, Bristol BS8 1UB, UK","1 Holbrow Cl, Stonehouse GL10 3GL, UK","30.45","10.916","Commute","51.45602345466614","-2.60276198387146","51.72825954","-2.28009377","38899.07","38929.51","SINGLE","72","58",""
"2026-01-12, 08:36","2026-01-12, 09:27","41 Regent St, Stonehouse GL10 2AA, UK","University Gate East, Park Row, Bristol BS1 5UB, UK","29.83","11.953","Commute","51.74402664","-2.2833777","51.45580043","-2.60249256","38869.24","38899.07","SINGLE","87","72",""
"2026-01-12, 08:28","2026-01-12, 08:36","1 Holbrow Cl, Stonehouse GL10 3GL, UK","41 Regent St, Stonehouse GL10 2AA, UK","1.86","1.852","Commute","51.72824484","-2.28008488","51.74402748","-2.2833725","38867.38","38869.24","SINGLE","90","87",""
"2026-01-11, 13:36","2026-01-11, 13:43","Dudbridge Road, Dudbridge, Stroud GL5 3HG, UK","1 Holbrow Cl, Stonehouse GL10 3GL, UK","2.49","0.981","Commute","51.73894786","-2.24025987","51.72824473","-2.2800976","38864.89","38867.38","SINGLE","84","83",""
"2026-01-11, 13:05","2026-01-11, 13:13","1 Holbrow Cl, Stonehouse GL10 3GL, UK","Dudbridge Road, Dudbridge, Stroud GL5 3HG, UK","2.49","0.728","Commute","51.72824389","-2.28009158","51.73895274","-2.24028153","38862.41","38864.89","SINGLE","85","84",""
"2026-01-11, 12:06","2026-01-11, 12:14","49 Greenaways, Ebley, Stroud GL5 4UN, UK","1 Holbrow Cl, Stonehouse GL10 3GL, UK","3.11","1.266","Commute","51.74058486","-2.24820881","51.72824809","-2.2800907","38859.30","38862.41","SINGLE","87","85",""
"2026-01-11, 11:04","2026-01-11, 11:06","141 Westward Rd, Ebley, Stroud GL5 4TS, UK","49 Greenaways, Ebley, Stroud GL5 4UN, UK","0.00","0.106","Commute","51.74141715","-2.24708274","51.74055533","-2.24819242","38859.30","38859.30","SINGLE","87","87",""
"2026-01-11, 10:49","2026-01-11, 10:58","1 Holbrow Cl, Stonehouse GL10 3GL, UK","141 Westward Rd, Ebley, Stroud GL5 4TS, UK","3.11","1.872","Commute","51.72818602","-2.28010116","51.74141891","-2.24710802","38856.19","38859.30","SINGLE","90","88",""
"2026-01-10, 23:12","2026-01-10, 23:17","Stonehouse, Stonehouse GL10 2JW, UK","1 Holbrow Cl, Stonehouse GL10 3GL, UK","1.86","1.253","Commute","51.74570092","-2.27954426","51.72824921","-2.28009235","38854.33","38856.19","SINGLE","87","85",""
"2026-01-10, 23:03","2026-01-10, 23:08","1 Holbrow Cl, Stonehouse GL10 3GL, UK","Stonehouse, Stonehouse GL10 2JW, UK","1.86","1.774","Commute","51.72823636","-2.28011954","51.74571037","-2.27955893","38852.46","38854.33","SINGLE","90","87",""
"2026-01-09, 08:51","2026-01-09, 08:51","1 Holbrow Cl, Stonehouse GL10 3GL, UK","1 Holbrow Cl, Stonehouse GL10 3GL, UK","0.00","0.028","Commute","51.72826171","-2.28004996","51.72825445","-2.28008856","38852.46","38852.46","SINGLE","80","80",""
"2026-01-09, 08:37","2026-01-09, 08:50","55 Regent St, Stonehouse GL10 2AA, UK","1 Holbrow Cl, Stonehouse GL10 3GL, UK","3.73","1.516","Commute","51.74393747","-2.2834713","51.72827097","-2.28006344","38848.74","38852.46","SINGLE","82","80",""
"2026-01-09, 08:28","2026-01-09, 08:36","1 Holbrow Cl, Stonehouse GL10 3GL, UK","55 Regent St, Stonehouse GL10 2AA, UK","1.86","0.679","Commute","51.72826711","-2.28006943","51.74393277","-2.28346388","38846.87","38848.74","SINGLE","83","82",""
"2026-01-09, 08:28","2026-01-09, 08:28","1 Holbrow Cl, Stonehouse GL10 3GL, UK","1 Holbrow Cl, Stonehouse GL10 3GL, UK","0.00","0.002","Commute","51.72826762","-2.28008116","51.72826711","-2.28006943","38846.87","38846.87","SINGLE","83","83",""
"2026-01-08, 17:48","2026-01-08, 18:41","43 Woodland Rd, Bristol BS8, UK","1 Holbrow Cl, Stonehouse GL10 3GL, UK","31.07","14.812","Commute","51.45792051","-2.60360716","51.72825942","-2.28008054","38815.80","38846.87","SINGLE","68","49",""
"2026-01-08, 08:27","2026-01-08, 09:22","55 Regent St, Stonehouse GL10 2AA, UK","43 Woodland Rd, Bristol BS8 1UU, UK","36.04","15.42","Commute","51.74393012","-2.28343213","51.45788425","-2.60369723","38779.76","38815.80","SINGLE","87","68",""
"2026-01-08, 08:18","2026-01-08, 08:27","1 Holbrow Cl, Stonehouse GL10 3GL, UK","55 Regent St, Stonehouse GL10 2AA, UK","1.86","1.751","Commute","51.72826143","-2.28009239","51.74393287","-2.28343547","38777.90","38779.76","SINGLE","90","87",""
"2026-01-07, 19:56","2026-01-07, 19:57","1 Holbrow Cl, Stonehouse GL10 3GL, UK","1 Holbrow Cl, Stonehouse GL10 3GL, UK","0.00","0.056","Commute","51.7282508","-2.28011902","51.72824723","-2.28012555","38777.90","38777.90","SINGLE","60","60",""
"2026-01-07, 13:55","2026-01-07, 14:37","University Gate East, Park Row, Bristol BS1 5UB, UK","1 Holbrow Cl, Stonehouse GL10 3GL, UK","30.45","11.286","Commute","51.45566563","-2.60258139","51.72825658","-2.28008079","38747.45","38777.90","SINGLE","74","60",""
"2026-01-07, 07:03","2026-01-07, 08:05","1 Holbrow Cl, Stonehouse GL10 3GL, UK","University Gate East, Park Row, Bristol BS1 5UB, UK","30.45","12.595","Commute","51.72824146","-2.28008425","51.45566563","-2.60258139","38717.01","38747.45","SINGLE","90","74",""
"2026-01-06, 16:45","2026-01-06, 17:41","10A Lower Church Ln, Bristol BS2 8BA, UK","1 Holbrow Cl, Stonehouse GL10 3GL, UK","30.45","12.539","Commute","51.45651968","-2.59861025","51.72824686","-2.28011272","38686.56","38717.01","SINGLE","69","53",""
"2026-01-06, 08:30","2026-01-06, 09:32","55 Regent St, Stonehouse GL10 2AA, UK","10A Lower Church Ln, Bristol BS2 8BA, UK","29.83","15.549","Commute","51.74393621","-2.28346082","51.45651148","-2.59860433","38656.73","38686.56","SINGLE","87","68",""
"2026-01-06, 08:18","2026-01-06, 08:28","1 Holbrow Cl, Stonehouse GL10 3GL, UK","55 Regent St, Stonehouse GL10 2AA, UK","2.49","1.837","Commute","51.72825366","-2.28008802","51.74394061","-2.28346777","38654.25","38656.73","SINGLE","90","87",""
"2026-01-05, 17:13","2026-01-05, 18:00","University Gate East, Park Row, Bristol BS1 5UB, UK","1 Holbrow Cl, Stonehouse GL10 3GL, UK","30.45","12.794","Commute","51.45566083","-2.60255019","51.72824038","-2.28007141","38623.80","38654.25","SINGLE","61","45",""
"2026-01-05, 08:36","2026-01-05, 09:20","69 Regent St, Stonehouse GL10 2AA, UK","University Gate East, Park Row, Bristol BS1 5UB, UK","29.83","13.052","Commute","51.74353413","-2.28358069","51.45566083","-2.60255019","38593.97","38623.80","SINGLE","77","60",""
"2026-01-05, 08:23","2026-01-05, 08:31","1 Holbrow Cl, Stonehouse GL10 3GL, UK","69 Regent St, Stonehouse GL10 2AA, UK","2.49","1.87","Commute","51.72826123","-2.28008946","51.74353342","-2.28358496","38591.49","38593.97","SINGLE","80","77",""
"2026-01-03, 14:46","2026-01-03, 14:52","Millvale House, Selsley Hill, Dudbridge, Stroud GL5 3HF, UK","1 Holbrow Cl, Stonehouse GL10 3GL, UK","2.49","1.162","Commute","51.7387756","-2.24047567","51.72825826","-2.28006801","38589.00","38591.49","SINGLE","73","71",""
"2026-01-03, 14:34","2026-01-03, 14:42","1 Holbrow Cl, Stonehouse GL10 3GL, UK","Millvale House, Selsley Hill, Dudbridge, Stroud GL5 3HF, UK","2.49","2.49","Commute","51.72826259","-2.28012621","51.73875345","-2.24048627","38586.52","38589.00","SINGLE","80","76",""
"2025-12-30, 16:56","2025-12-30, 17:03","PQQ5+JJ Stroud, UK","1 Holbrow Cl, Stonehouse GL10 3GL, UK","2.49","1.008","Commute","51.73909998","-2.24094768","51.7282426","-2.28011147","38584.03","38586.52","SINGLE","77","76",""
"2025-12-30, 16:19","2025-12-30, 16:26","Bathleaze, King's Stanley, Stonehouse GL10 3NA, UK","PQQ5+JJ Stroud, UK","2.49","0.806","Commute","51.73005147","-2.2775283","51.73903861","-2.24098058","38581.55","38584.03","SINGLE","80","79",""
"2025-12-17, 19:44","2025-12-17, 19:54","38 High St, Stonehouse GL10 2NA, UK","1 Holbrow Cl, Stonehouse GL10 3GL, UK","3.73","1.252","Commute","51.74732302","-2.2833718","51.72824961","-2.28010454","38577.82","38581.55","SINGLE","51","49",""
"2025-12-17, 19:34","2025-12-17, 19:42","1 Holbrow Cl, Stonehouse GL10 3GL, UK","38 High St, Stonehouse GL10 2NA, UK","1.86","0.733","Commute","51.72828168","-2.28018346","51.74732067","-2.28334968","38575.95","38577.82","SINGLE","52","51",""
"2025-12-16, 14:22","2025-12-16, 15:08","Wickham Theatre, Cantock's Cl, Bristol BS8 1UP, UK","1 Holbrow Cl, Stonehouse GL10 3GL, UK","30.45","11.564","Commute","51.45592224","-2.60124247","51.728259","-2.28016889","38545.51","38575.95","SINGLE","68","54",""
"2025-12-16, 09:27","2025-12-16, 10:18","1 Holbrow Cl, Stonehouse GL10 3GL, UK","Wickham Theatre, Cantock's Cl, Bristol BS8 1UP, UK","31.07","11.427","Commute","51.72825046","-2.2800548","51.4559875","-2.60133037","38514.44","38545.51","SINGLE","81","68",""
"2025-12-16, 08:45","2025-12-16, 08:54","33 High St, Stonehouse GL10 2NG, UK","1 Holbrow Cl, Stonehouse GL10 3GL, UK","2.49","0.797","Commute","51.74778696","-2.2828436","51.72826497","-2.28004836","38511.95","38514.44","SINGLE","82","81",""
"2025-12-16, 08:29","2025-12-16, 08:38","1 Holbrow Cl, Stonehouse GL10 3GL, UK","33 High St, Stonehouse GL10 2NG, UK","1.86","0.648","Commute","51.72825187","-2.28008398","51.7477889","-2.2828297","38510.09","38511.95","SINGLE","83","82",""
"2025-12-15, 20:51","2025-12-15, 20:51","1 Holbrow Cl, Stonehouse GL10 3GL, UK","1 Holbrow Cl, Stonehouse GL10 3GL, UK","0.00","0.005","Commute","51.72825582","-2.28017955","51.72827687","-2.28010708","38510.09","38510.09","SINGLE","90","90",""
"2025-12-14, 13:07","2025-12-14, 13:15","1 Burdett Cl, Stonehouse GL10 2LS, UK","1 Holbrow Cl, Stonehouse GL10 3GL, UK","1.86","0.655","Commute","51.74558258","-2.27950007","51.72823812","-2.28008729","38508.22","38510.09","SINGLE","81","80",""
"2025-12-14, 12:50","2025-12-14, 13:00","1 Bond Cl, King's Stanley, Stonehouse GL10 3GP, UK","1 Burdett Cl, Stonehouse GL10 2LS, UK","2.49","0.802","Commute","51.72860638","-2.27889648","51.74559622","-2.27951073","38505.74","38508.22","SINGLE","83","82",""
"2025-12-04, 18:22","2025-12-04, 19:09","University Gate East, Park Row, Bristol BS1 5UB, UK","1 Holbrow Cl, Stonehouse GL10 3GL, UK","30.45","10.142","Commute","51.45579891","-2.60259509","51.72825054","-2.28012527","38201.27","38231.71","SINGLE","37","24",""
"2025-12-04, 08:27","2025-12-04, 09:25","41 Regent St, Stonehouse GL10 2AA, UK","University Gate East, Park Row, Bristol BS1 5UB, UK","29.83","11.607","Commute","51.74401632","-2.28338289","51.45579891","-2.60259509","38171.44","38201.27","SINGLE","51","36",""
"2025-12-04, 08:17","2025-12-04, 08:25","1 Holbrow Cl, Stonehouse GL10 3GL, UK","41 Regent St, Stonehouse GL10 2AA, UK","1.86","0.593","Commute","51.7282446","-2.28007918","51.7440189","-2.28338802","38169.58","38171.44","SINGLE","52","51",""
"2025-12-03, 17:02","2025-12-03, 18:02","14, 16 Charlotte St, Bristol BS1 5PP, UK","1 Holbrow Cl, Stonehouse GL10 3GL, UK","36.66","14.025","Commute","51.455095410346985","-2.604312300682068","51.72824434","-2.28009045","38132.92","38169.58","SINGLE","71","54",""
"2025-12-03, 08:31","2025-12-03, 09:30","41 Regent St, Stonehouse GL10 2AA, UK","University Gate East, Park Row, Bristol BS1 5UB, UK","29.83","10.638","Commute","51.74400274","-2.28337687","51.45580101","-2.6024514","38103.09","38132.92","SINGLE","84","71",""
"2025-12-03, 08:20","2025-12-03, 08:27","1 Holbrow Cl, Stonehouse GL10 3GL, UK","41 Regent St, Stonehouse GL10 2AA, UK","1.86","1.768","Commute","51.72828063","-2.28014629","51.74402638","-2.2833376","38101.23","38103.09","SINGLE","90","87",""
"2025-12-02, 20:28","2025-12-02, 21:08","University Gate East, Park Row, Bristol BS1 5UB, UK","1 Holbrow Cl, Stonehouse GL10 3GL, UK","30.45","12.555","Commute","51.4557674","-2.60253574","51.72824676","-2.28013685","38070.78","38101.23","SINGLE","72","56",""
"2025-12-02, 08:38","2025-12-02, 09:30","55 Regent St, Stonehouse GL10 2AA, UK","University Gate East, Park Row, Bristol BS1 5UB, UK","29.83","11.445","Commute","51.74394406","-2.28347414","51.4557674","-2.60253574","38040.95","38070.78","SINGLE","86","71",""
"2025-12-02, 08:29","2025-12-02, 08:37","1 Holbrow Cl, Stonehouse GL10 3GL, UK","55 Regent St, Stonehouse GL10 2AA, UK","2.49","1.88","Commute","51.72825344","-2.28016362","51.74393703","-2.28345253","38038.47","38040.95","SINGLE","89","86",""
"2025-12-02, 08:29","2025-12-02, 08:29","1 Holbrow Cl, Stonehouse GL10 3GL, UK","1 Holbrow Cl, Stonehouse GL10 3GL, UK","0.00","0.002","Commute","51.72825137","-2.28016426","51.72825133","-2.28016436","38038.47","38038.47","SINGLE","90","90",""
"2025-12-01, 15:26","2025-12-01, 17:08","18 Southgate St, Bath BA1 1AQ, UK","1 Holbrow Cl, Stonehouse GL10 3GL, UK","42.25","15.792","Commute","51.3782446","-2.35963595","51.72825409","-2.28012676","37996.22","38038.47","SINGLE","71","51",""
"2025-12-01, 08:30","2025-12-01, 09:42","41 Regent St, Stonehouse GL10 2AA, UK","18 Southgate St, Bath BA1 1AQ, UK","34.18","12.165","Commute","51.74399099","-2.28343894","51.3782446","-2.35963595","37962.04","37996.22","SINGLE","87","71",""
"2025-12-01, 08:19","2025-12-01, 08:29","1 Holbrow Cl, Stonehouse GL10 3GL, UK","41 Regent St, Stonehouse GL10 2AA, UK","1.86","1.864","Commute","51.72824609","-2.28011195","51.74399113","-2.28342061","37960.18","37962.04","SINGLE","90","87",""
"2025-11-30, 17:04","2025-11-30, 18:00","GCF3+PJ Bristol, UK","1 Holbrow Cl, Stonehouse GL10 3GL, UK","26.10","8.774","Commute","51.52434956","-2.59588453","51.72828566","-2.27999363","37934.08","37960.18","SINGLE","74","63",""
"2025-11-30, 13:50","2025-11-30, 14:25","1 Holbrow Cl, Stonehouse GL10 3GL, UK","GCF3+PM Bristol, UK","25.48","10.536","Commute","51.72824702","-2.28007556","51.52435488","-2.59586675","37908.60","37934.08","SINGLE","86","73",""
"2025-11-30, 13:08","2025-11-30, 13:17","Stonehouse, Stonehouse GL10 2JW, UK","1 Holbrow Cl, Stonehouse GL10 3GL, UK","1.86","1.121","Commute","51.74572331","-2.27953342","51.72825548","-2.28008384","37906.74","37908.60","SINGLE","88","86",""
"2025-11-30, 12:49","2025-11-30, 12:56","1 Holbrow Cl, Stonehouse GL10 3GL, UK","Stonehouse, Stonehouse GL10 2JW, UK","1.86","0.685","Commute","51.72825026","-2.28007784","51.74570555","-2.27952631","37904.87","37906.74","SINGLE","90","89",""
"2025-11-29, 15:07","2025-11-29, 15:08","1 Holbrow Cl, Stonehouse GL10 3GL, UK","1 Holbrow Cl, Stonehouse GL10 3GL, UK","0.00","0.071","Commute","51.72833574","-2.28002955","51.72827391","-2.28008237","37904.87","37904.87","SINGLE","90","90",""
"2025-11-29, 07:07","2025-11-29, 07:08","1 Holbrow Cl, Stonehouse GL10 3GL, UK","1 Holbrow Cl, Stonehouse GL10 3GL, UK","0.00","0.098","Commute","51.72825399","-2.28010675","51.72831349","-2.27997467","37904.87","37904.87","SINGLE","90","90",""
"2025-11-28, 14:22","2025-11-28, 14:29","1 Rosedale Ave, Stonehouse GL10 2QH, UK","1 Holbrow Cl, Stonehouse GL10 3GL, UK","1.86","0.685","Commute","51.74580209","-2.27891633","51.72825726","-2.2800882","37903.01","37904.87","SINGLE","84","83",""
"2025-11-28, 14:13","2025-11-28, 14:21","1 Holbrow Cl, Stonehouse GL10 3GL, UK","1 Rosedale Ave, Stonehouse GL10 2QH, UK","2.49","0.735","Commute","51.7282422","-2.2800502","51.74581452","-2.27894315","37900.52","37903.01","SINGLE","85","84",""
"2025-11-28, 10:43","2025-11-28, 10:44","1 Holbrow Cl, Stonehouse GL10 3GL, UK","1 Holbrow Cl, Stonehouse GL10 3GL, UK","0.00","0.017","Commute","51.72824437","-2.28006589","51.72829926","-2.27998272","37900.52","37900.52","SINGLE","85","85",""
"2025-11-28, 10:22","2025-11-28, 10:25","7 High St, King's Stanley, Stonehouse GL10 3JW, UK","1 Holbrow Cl, Stonehouse GL10 3GL, UK","0.62","0.24","Commute","51.72971799","-2.27489013","51.72823355","-2.28007454","37899.90","37900.52","SINGLE","85","85",""
"2025-11-28, 10:13","2025-11-28, 10:16","1 Holbrow Cl, Stonehouse GL10 3GL, UK","7 High St, King's Stanley, Stonehouse GL10 3JW, UK","0.62","0.819","Commute","51.72823829","-2.28010626","51.72971872","-2.27488783","37899.28","37899.90","SINGLE","90","88",""
"2025-11-27, 16:29","2025-11-27, 17:50","43 Woodland Rd, Bristol BS8, UK","1 Holbrow Cl, Stonehouse GL10 3GL, UK","30.45","9.367","Commute","51.45791862","-2.60350079","51.72824476","-2.28008604","37868.83","37899.28","SINGLE","72","60",""
"2025-11-27, 08:01","2025-11-27, 08:57","1 Holbrow Cl, Stonehouse GL10 3GL, UK","43 Woodland Rd, Bristol BS8 1UU, UK","30.45","13.304","Commute","51.72826619","-2.28010351","51.45790795","-2.60367761","37838.39","37868.83","SINGLE","90","73",""
"2025-11-26, 18:05","2025-11-26, 19:03","University Gate East, Park Row, Bristol BS1 5UB, UK","1 Holbrow Cl, Stonehouse GL10 3GL, UK","30.45","10.922","Commute","51.45569114","-2.60266026","51.72825508","-2.28008133","37807.94","37838.39","SINGLE","69","55",""
"2025-11-26, 08:30","2025-11-26, 09:31","41 Regent St, Stonehouse GL10 2AA, UK","University Gate East, Park Row, Bristol BS1 5UB, UK","29.83","13.246","Commute","51.74422231","-2.283249","51.45569114","-2.60266026","37778.11","37807.94","SINGLE","86","69",""
"2025-11-26, 08:19","2025-11-26, 08:26","1 Holbrow Cl, Stonehouse GL10 3GL, UK","37 Regent St, Stonehouse GL10 2AA, UK","1.86","1.848","Commute","51.72826817","-2.28011929","51.74422857","-2.28325093","37776.25","37778.11","SINGLE","90","87",""
"2025-11-25, 19:59","2025-11-25, 20:38","43 Woodland Rd, Bristol BS8, UK","1 Holbrow Cl, Stonehouse GL10 3GL, UK","31.07","13.483","Commute","51.4579369","-2.60356103","51.72826961","-2.28011035","37745.18","37776.25","SINGLE","71","54",""
"2025-11-25, 09:31","2025-11-25, 09:31","43 Woodland Rd, Bristol BS8, UK","43 Woodland Rd, Bristol BS8 1UU, UK","0.00","0.014","Commute","51.45786299","-2.60364799","51.45785938","-2.60366379","37745.18","37745.18","SINGLE","71","71",""
"2025-11-25, 08:39","2025-11-25, 09:28","55 Regent St, Stonehouse GL10 2AA, UK","43 Woodland Rd, Bristol BS8 1UU, UK","29.83","12.927","Commute","51.7439185","-2.28344413","51.45786804","-2.60366776","37715.36","37745.18","SINGLE","87","71",""
"2025-11-25, 08:30","2025-11-25, 08:37","1 Holbrow Cl, Stonehouse GL10 3GL, UK","55 Regent St, Stonehouse GL10 2AA, UK","1.86","1.732","Commute","51.72827299","-2.28014244","51.74391799","-2.2834372","37713.49","37715.36","SINGLE","90","87",""
"2025-11-24, 18:11","2025-11-24, 18:58","Richmond Building, 105 Queens Rd, Clifton, Bristol BS8 1LN, UK","1 Holbrow Cl, Stonehouse GL10 3GL, UK","31.07","12.707","Commute","51.45648171","-2.61307895","51.72826399","-2.28009915","37682.42","37713.49","SINGLE","70","54",""
"2025-11-24, 08:31","2025-11-24, 09:33","41 Regent St, Stonehouse GL10 2AA, UK","Richmond Building, 105 Queens Rd, Clifton, Bristol BS8 1LN, UK","31.07","13.176","Commute","51.7440095","-2.28339519","51.45661693","-2.61306242","37651.35","37682.42","SINGLE","87","70",""
"2025-11-24, 08:22","2025-11-24, 08:29","1 Holbrow Cl, Stonehouse GL10 3GL, UK","41 Regent St, Stonehouse GL10 2AA, UK","1.86","1.757","Commute","51.7282473","-2.28011076","51.74402712","-2.28338325","37649.49","37651.35","SINGLE","90","87",""
"2025-11-23, 18:34","2025-11-23, 18:49","Hardwicke Roundabout, Bristol Rd, Hardwicke, Gloucester GL2 2RQ, UK","1 Holbrow Cl, Stonehouse GL10 3GL, UK","7.46","2.546","Commute","51.80514272","-2.29020926","51.72826175","-2.28009485","37642.03","37649.49","SINGLE","48","45",""
"2025-11-23, 18:00","2025-11-23, 18:13","1 Holbrow Cl, Stonehouse GL10 3GL, UK","Hardwicke Roundabout, Bristol Rd, Hardwicke, Gloucester GL2 2RQ, UK","7.46","2.305","Commute","51.72824249","-2.28009846","51.80514746","-2.29022169","37634.58","37642.03","SINGLE","51","48",""
"2025-11-23, 11:24","2025-11-23, 12:25","CGX2+73 Bristol, UK","1 Holbrow Cl, Stonehouse GL10 3GL, UK","31.69","10.656","Commute","51.44813036","-2.49975651","51.72824832","-2.2800647","37602.89","37634.58","SINGLE","65","51",""
"2025-11-23, 10:17","2025-11-23, 10:50","Bull's Hill, Wellow, Bath BA2 8QS, UK","CGX2+73 Bristol, UK","16.16","5.077","Commute","51.32385932","-2.37137697","51.44813092","-2.49976764","37586.73","37602.89","SINGLE","71","65",""
"2025-11-23, 09:01","2025-11-23, 10:13","1 Holbrow Cl, Stonehouse GL10 3GL, UK","Bull's Hill, Wellow, Bath BA2 8QS, UK","38.53","15.441","Commute","51.72821539","-2.28015526","51.32385676","-2.37136845","37548.21","37586.73","SINGLE","90","71",""
"2025-11-21, 17:19","2025-11-21, 17:19","1 Holbrow Cl, Stonehouse GL10 3GL, UK","1 Holbrow Cl, Stonehouse GL10 3GL, UK","0.00","0.133","Commute","51.72826032","-2.28012046","51.72828563","-2.28012976","37548.21","37548.21","SINGLE","26","26",""
"2025-11-21, 12:24","2025-11-21, 12:24","1 Holbrow Cl, Stonehouse GL10 3GL, UK","1 Holbrow Cl, Stonehouse GL10 3GL, UK","0.00","0.003","Commute","51.72827278","-2.28009619","51.7282583","-2.28003985","37548.21","37548.21","SINGLE","26","26",""
"2025-11-21, 12:13","2025-11-21, 12:22","251 Westward Rd, Ebley, Stroud GL5 4SX, UK","1 Holbrow Cl, Stonehouse GL10 3GL, UK","2.49","1.032","Commute","51.7412515","-2.25191863","51.72825361","-2.2800815","37545.72","37548.21","SINGLE","28","26",""
"2025-11-21, 12:00","2025-11-21, 12:09","Bathleaze, King's Stanley, Stonehouse GL10 3NA, UK","251 Westward Rd, Ebley, Stroud GL5 4SX, UK","2.49","0.684","Commute","51.72994598","-2.27772969","51.7412521","-2.25192118","37543.24","37545.72","SINGLE","29","28",""
"2025-11-21, 11:28","2025-11-21, 11:59","Bentham Country Club, Bentham Ln, Witcombe, Gloucester GL3 4UD, UK","Bathleaze, King's Stanley, Stonehouse GL10 3NA, UK","13.67","4.386","Commute","51.84479388","-2.12724195","51.72994367","-2.2777328","37529.57","37543.24","SINGLE","34","29",""
"2025-11-21, 08:57","2025-11-21, 09:21","1 Holbrow Cl, Stonehouse GL10 3GL, UK","Bentham Country Club, Bentham Ln, Witcombe, Gloucester GL3 4UD, UK","16.16","6.483","Commute","51.72826475","-2.2800198","51.84485786","-2.12732066","37513.41","37529.57","SINGLE","45","37",""
"2025-11-21, 08:37","2025-11-21, 08:50","312 Westward Rd, Ebley, Stroud GL5 4TU, UK","1 Holbrow Cl, Stonehouse GL10 3GL, UK","3.73","1.538","Commute","51.74064621","-2.25522618","51.7282495","-2.2800213","37509.68","37513.41","SINGLE","47","45",""
"2025-11-21, 08:26","2025-11-21, 08:35","37 Regent St, Stonehouse GL10 2AA, UK","312 Westward Rd, Ebley, Stroud GL5 4TU, UK","1.24","0.857","Commute","51.74423113","-2.28326119","51.74065957","-2.25523374","37508.44","37509.68","SINGLE","49","47",""
"2025-11-21, 08:11","2025-11-21, 08:18","1 Holbrow Cl, Stonehouse GL10 3GL, UK","41 Regent St, Stonehouse GL10 2AA, UK","1.86","0.7","Commute","51.72824865","-2.28012367","51.74421262","-2.28324196","37506.57","37508.44","SINGLE","50","49",""
"2025-11-20, 17:10","2025-11-20, 18:08","University Gate East, Park Row, Bristol BS1 5UB, UK","1 Holbrow Cl, Stonehouse GL10 3GL, UK","31.07","12.139","Commute","51.45568602","-2.60256818","51.7282661","-2.28009667","37475.51","37506.57","SINGLE","68","52",""
"2025-11-20, 08:53","2025-11-20, 09:42","2 Whitefield Cl, Bridgend, Stonehouse GL10 2AL, UK","University Gate East, Park Row, Bristol BS1 5UB, UK","29.20","11.663","Commute","51.74115161","-2.28396924","51.45568602","-2.60256818","37446.30","37475.51","SINGLE","81","67",""
"2025-11-20, 08:38","2025-11-20, 08:42","1 Holbrow Cl, Stonehouse GL10 3GL, UK","2 Whitefield Cl, Bridgend, Stonehouse GL10 2AL, UK","1.24","0.862","Commute","51.72832862","-2.28003116","51.74114492","-2.28394998","37445.06","37446.30","SINGLE","84","82",""
"2025-11-20, 08:28","2025-11-20, 08:36","37 Regent St, Stonehouse GL10 2AA, UK","1 Holbrow Cl, Stonehouse GL10 3GL, UK","1.86","1.844","Commute","51.74417928","-2.28334031","51.72832418","-2.28000923","37443.20","37445.06","SINGLE","87","84",""
"2025-11-20, 08:16","2025-11-20, 08:23","1 Holbrow Cl, Stonehouse GL10 3GL, UK","37 Regent St, Stonehouse GL10 2AA, UK","2.49","1.776","Commute","51.72824273","-2.2801197","51.74418827","-2.28330789","37440.71","37443.20","SINGLE","90","87",""
"2025-11-19, 18:37","2025-11-19, 19:25","University Gate East, Park Row, Bristol BS1 5UB, UK","1 Holbrow Cl, Stonehouse GL10 3GL, UK","30.45","12.716","Commute","51.45574287","-2.60260834","51.72827167","-2.28009933","37410.26","37440.71","SINGLE","71","55",""
"2025-11-19, 08:25","2025-11-19, 09:22","55 Regent St, Stonehouse GL10 2AA, UK","University Gate East, Park Row, Bristol BS1 5UB, UK","29.83","12.881","Commute","51.74394394","-2.2834608","51.45574287","-2.60260834","37380.44","37410.26","SINGLE","87","71",""
"2025-11-19, 08:16","2025-11-19, 08:24","1 Holbrow Cl, Stonehouse GL10 3GL, UK","55 Regent St, Stonehouse GL10 2AA, UK","1.86","1.769","Commute","51.72827107","-2.28010382","51.74394105","-2.28346644","37378.57","37380.44","SINGLE","90","87",""
"2025-11-18, 18:34","2025-11-18, 19:22","University Gate East, Park Row, Bristol BS1 5UB, UK","1 Holbrow Cl, Stonehouse GL10 3GL, UK","31.07","12.099","Commute","51.45577221","-2.60249842","51.72827627","-2.28009648","37347.50","37378.57","SINGLE","70","55",""
"2025-11-18, 08:26","2025-11-18, 09:17","69 Regent St, Stonehouse GL10 2AA, UK","University Gate East, Park Row, Bristol BS1 5UB, UK","29.83","13.279","Commute","51.74354802","-2.28357402","51.45577221","-2.60249842","37317.68","37347.50","SINGLE","87","70",""
"2025-11-18, 08:16","2025-11-18, 08:23","1 Holbrow Cl, Stonehouse GL10 3GL, UK","69 Regent St, Stonehouse GL10 2AA, UK","1.86","1.73","Commute","51.72823626","-2.28015314","51.7435482","-2.2835709","37315.81","37317.68","SINGLE","90","87",""
"2025-11-17, 19:00","2025-11-17, 19:01","1 Holbrow Cl, Stonehouse GL10 3GL, UK","1 Holbrow Cl, Stonehouse GL10 3GL, UK","0.00","0.008","Commute","51.7282151","-2.28018498","51.72823014","-2.2801685","37315.81","37315.81","SINGLE","53","53",""
"2025-11-17, 18:35","2025-11-17, 18:58","36 Court Mdw, Stone, Berkeley GL13 9LR, UK","1 Holbrow Cl, Stonehouse GL10 3GL, UK","15.53","6.3","Commute","51.65576583","-2.46004738","51.72824724","-2.28015915","37300.28","37315.81","SINGLE","61","53",""
"2025-11-17, 17:55","2025-11-17, 18:26","University Gate East, Park Row, Bristol BS1 5UB, UK","32 Court Mdw, Berkeley GL13 9LB, UK","18.64","6.619","Commute","51.45570952","-2.60254718","51.65575974","-2.46008724","37281.64","37300.28","SINGLE","70","61",""
"2025-11-17, 08:32","2025-11-17, 09:25","55 Regent St, Stonehouse GL10 2AA, UK","University Gate East, Park Row, Bristol BS1 5UB, UK","29.83","13.922","Commute","51.74394203","-2.28348965","51.45570952","-2.60254718","37251.81","37281.64","SINGLE","87","69",""
"2025-11-17, 08:23","2025-11-17, 08:31","1 Holbrow Cl, Stonehouse GL10 3GL, UK","55 Regent St, Stonehouse GL10 2AA, UK","1.86","1.745","Commute","51.72828073","-2.2801209","51.74394341","-2.28347851","37249.95","37251.81","SINGLE","90","87",""
"2025-11-16, 17:51","2025-11-16, 17:53","3 Crown Ct, King's Stanley, Stonehouse GL10 3JP, UK","1 Holbrow Cl, Stonehouse GL10 3GL, UK","0.62","0.175","Commute","51.72895189","-2.27509169","51.72825766","-2.28008942","37249.33","37249.95","SINGLE","86","86",""
"2025-11-16, 17:45","2025-11-16, 17:47","1 Holbrow Cl, Stonehouse GL10 3GL, UK","High Street South, King's Stanley, Stonehouse GL10 3JF, UK","0.00","0.239","Commute","51.72824823","-2.28011045","51.72905032","-2.27500006","37249.33","37249.33","SINGLE","86","86",""
"2025-11-16, 14:55","2025-11-16, 15:02","Dudbridge Road, Dudbridge, Stroud GL5 3HG, UK","1 Holbrow Cl, Stonehouse GL10 3GL, UK","2.49","0.868","Commute","51.73898173","-2.24025381","51.7282537","-2.28009491","37246.84","37249.33","SINGLE","88","87",""
"2025-11-16, 14:39","2025-11-16, 14:48","1 Holbrow Cl, Stonehouse GL10 3GL, UK","Dudbridge Road, Dudbridge, Stroud GL5 3HG, UK","3.11","0.797","Commute","51.72824078","-2.28011461","51.73898252","-2.24023566","37243.73","37246.84","SINGLE","90","89",""
"2025-11-14, 16:42","2025-11-14, 17:28","Portway Park & Ride, Shirehampton, Bristol BS11 9DE, UK","1 Holbrow Cl, Stonehouse GL10 3GL, UK","29.20","11.264","Commute","51.48822999","-2.68721235","51.72825942","-2.28009634","37214.53","37243.73","SINGLE","73","59",""
"2025-11-14, 08:34","2025-11-14, 09:09","55 Regent St, Stonehouse GL10 2AA, UK","Portway Park & Ride, Shirehampton, Bristol BS11 9DE, UK","29.20","10.137","Commute","51.74392581","-2.28343059","51.48825619","-2.68720135","37185.33","37214.53","SINGLE","87","74",""
"2025-11-14, 08:25","2025-11-14, 08:33","1 Holbrow Cl, Stonehouse GL10 3GL, UK","55 Regent St, Stonehouse GL10 2AA, UK","1.86","1.676","Commute","51.72822971","-2.28019508","51.74392471","-2.28344614","37183.46","37185.33","SINGLE","90","87",""
"2025-11-13, 15:16","2025-11-13, 15:53","Portway Park & Ride, Shirehampton, Bristol BS11 9DE, UK","1 Holbrow Cl, Stonehouse GL10 3GL, UK","29.20","10.168","Commute","51.48842709","-2.68740437","51.7282356","-2.28020309","37154.26","37183.46","SINGLE","73","61",""
"2025-11-13, 08:28","2025-11-13, 09:08","23 Regent St, Stonehouse GL10 2AA, UK","Portway Park & Ride, Shirehampton, Bristol BS11 9DE, UK","28.58","9.96","Commute","51.74458841","-2.28289264","51.48841378","-2.68738554","37125.67","37154.26","SINGLE","87","74",""
"2025-11-13, 08:11","2025-11-13, 08:19","1 Holbrow Cl, Stonehouse GL10 3GL, UK","23 Regent St, Stonehouse GL10 2AA, UK","1.86","1.117","Commute","51.72828776","-2.28011103","51.74459304","-2.28288334","37123.81","37125.67","SINGLE","90","88",""
"2025-11-12, 17:24","2025-11-12, 18:27","University Gate East, Park Row, Bristol BS1 5UB, UK","1 Holbrow Cl, Stonehouse GL10 3GL, UK","30.45","0","Commute","51.45573343","-2.60264311","51.72823748","-2.28008731","37093.36","37123.81","SINGLE","73","60",""
"2025-11-12, 08:24","2025-11-12, 09:17","55 Regent St, Stonehouse GL10 2AA, UK","University Gate East, Park Row, Bristol BS1 5UB, UK","29.83","10.757","Commute","51.7439349","-2.28346432","51.45573343","-2.60264311","37063.54","37093.36","SINGLE","87","73",""
"2025-11-12, 08:13","2025-11-12, 08:21","1 Holbrow Cl, Stonehouse GL10 3GL, UK","55 Regent St, Stonehouse GL10 2AA, UK","2.49","1.61","Commute","51.72825382","-2.28010988","51.74395617","-2.28347431","37061.05","37063.54","SINGLE","90","87",""
"2025-11-11, 19:12","2025-11-11, 19:57","43 Woodland Rd, Bristol BS8 1UU, UK","1 Holbrow Cl, Stonehouse GL10 3GL, UK","30.45","11.823","Commute","51.45780871","-2.60374069","51.7282743","-2.28012573","37030.60","37061.05","SINGLE","72","57",""
"2025-11-11, 08:22","2025-11-11, 09:17","38-40 Regent St, Stonehouse GL10 2AD, UK","43 Woodland Rd, Bristol BS8 1UU, UK","29.20","11.429","Commute","51.74361857","-2.28358352","51.45784355","-2.60372163","37001.40","37030.60","SINGLE","87","72",""
"2025-11-11, 08:10","2025-11-11, 08:19","1 Holbrow Cl, Stonehouse GL10 3GL, UK","38-40 Regent St, Stonehouse GL10 2AD, UK","2.49","1.666","Commute","51.72829207","-2.28009031","51.74361973","-2.28358393","36998.91","37001.40","SINGLE","90","87",""
"2025-11-10, 16:32","2025-11-10, 16:40","33 High St, Stonehouse GL10 2NG, UK","1 Holbrow Cl, Stonehouse GL10 3GL, UK","1.86","0.656","Commute","51.74779786","-2.2828047","51.72825224","-2.28010835","36997.05","36998.91","SINGLE","60","59",""
"2025-11-10, 15:40","2025-11-10, 16:28","University Gate East, Park Row, Bristol BS1 5UB, UK","33 High St, Stonehouse GL10 2NG, UK","29.83","9.795","Commute","51.45576453","-2.60264884","51.74780406","-2.28280206","36967.22","36997.05","SINGLE","73","61",""
"2025-11-10, 08:25","2025-11-10, 09:23","69 Regent St, Stonehouse GL10 2AA, UK","University Gate East, Park Row, Bristol BS1 5UB, UK","29.83","10.784","Commute","51.74353294","-2.28355486","51.45576453","-2.60264884","36937.40","36967.22","SINGLE","87","73",""
"2025-11-10, 08:12","2025-11-10, 08:20","9 Lyndon Morgan Wy, Leonard Stanley, King's Stanley, Stonehouse GL10 3GF, UK","38-40 Regent St, Stonehouse GL10 2AD, UK","1.86","1.044","Commute","51.72905715","-2.27849871","51.74354111","-2.28354894","36935.53","36937.40","SINGLE","89","87",""
"2025-11-07, 11:12","2025-11-07, 11:21","49 Greenaways, Ebley, Stroud GL5 4UN, UK","1 Holbrow Cl, Stonehouse GL10 3GL, UK","2.49","0.826","Commute","51.74064876","-2.24819175","51.7282615","-2.28010751","36932.43","36934.91","SINGLE","42","41",""
"2025-11-07, 10:42","2025-11-07, 10:51","1 Holbrow Cl, Stonehouse GL10 3GL, UK","49 Greenaways, Ebley, Stroud GL5 4UN, UK","3.11","0.889","Commute","51.7282517","-2.28011635","51.74058413","-2.24823145","36929.32","36932.43","SINGLE","44","42",""
"2025-11-07, 08:29","2025-11-07, 08:38","41 Regent St, Stonehouse GL10 2AA, UK","1 Holbrow Cl, Stonehouse GL10 3GL, UK","2.49","0.772","Commute","51.74414576","-2.28332016","51.72825347","-2.28012195","36926.84","36929.32","SINGLE","45","44",""
"2025-11-07, 08:20","2025-11-07, 08:27","1 Holbrow Cl, Stonehouse GL10 3GL, UK","41 Regent St, Stonehouse GL10 2AA, UK","1.86","0.467","Commute","51.72827414","-2.28010427","51.74414513","-2.28332198","36924.97","36926.84","SINGLE","46","45",""
"2025-11-06, 20:59","2025-11-06, 21:01","High Street South, King's Stanley, Stonehouse GL10 3JF, UK","1 Holbrow Cl, Stonehouse GL10 3GL, UK","0.62","0.126","Commute","51.72894156","-2.27495914","51.72825743","-2.28010646","36924.35","36924.97","SINGLE","47","47",""
"2025-11-06, 20:52","2025-11-06, 20:55","1 Holbrow Cl, Stonehouse GL10 3GL, UK","High Street South, King's Stanley, Stonehouse GL10 3JF, UK","0.00","0.294","Commute","51.72821549","-2.28013942","51.72892559","-2.27491117","36924.35","36924.35","SINGLE","48","47",""
"2025-11-06, 15:18","2025-11-06, 15:33","Inchbrook Trading Estate, Bath Rd, Stroud GL5 5EY, UK","1 Holbrow Cl, Stonehouse GL10 3GL, UK","5.59","1.29","Commute","51.70776634","-2.22828851","51.72826019","-2.28007025","36918.76","36924.35","SINGLE","49","48",""
"2025-11-06, 13:40","2025-11-06, 13:52","1 Holbrow Cl, Stonehouse GL10 3GL, UK","Inchbrook Trading Estate, Bath Rd, Stroud GL5 5EY, UK","4.97","1.395","Commute","51.72829255","-2.28008274","51.70781545","-2.22830333","36913.79","36918.76","SINGLE","51","49",""
"2025-11-06, 08:34","2025-11-06, 08:46","41 Regent St, Stonehouse GL10 2AA, UK","1 Holbrow Cl, Stonehouse GL10 3GL, UK","3.73","1.165","Commute","51.74419627","-2.28321263","51.72822511","-2.28010829","36910.06","36913.79","SINGLE","53","51",""
"2025-11-06, 08:18","2025-11-06, 08:27","1 Holbrow Cl, Stonehouse GL10 3GL, UK","41 Regent St, Stonehouse GL10 2AA, UK","1.86","0.479","Commute","51.7282826","-2.28011103","51.74419038","-2.28323874","36908.19","36910.06","SINGLE","53","53",""
"2025-11-05, 18:47","2025-11-05, 19:34","Richmond Building, 105 Queens Rd, Clifton, Bristol BS8 1LN, UK","1 Holbrow Cl, Stonehouse GL10 3GL, UK","31.69","11.447","Commute","51.45645396","-2.61299206","51.72826243","-2.28010449","36876.50","36908.19","SINGLE","70","56",""
"2025-11-05, 10:12","2025-11-05, 10:59","33 High St, Stonehouse GL10 2NG, UK","7 Richmond Hill Ave, Clifton, Bristol BS8 1BG, UK","31.07","10.494","Commute","51.74781898","-2.28268823","51.45646602","-2.61292168","36845.44","36876.50","SINGLE","84","71",""
"2025-11-05, 09:43","2025-11-05, 09:54","1 Eastington, Stonehouse GL10 3SQ, UK","33 High St, Stonehouse GL10 2NG, UK","1.86","0.689","Commute","51.75528475","-2.31400324","51.74780812","-2.28269448","36843.57","36845.44","SINGLE","85","84",""
"2025-11-05, 09:06","2025-11-05, 09:14","11 High St, Stonehouse GL10 2NG, UK","1 Eastington, Stonehouse GL10 3SQ, UK","2.49","0.513","Commute","51.7462957","-2.28270506","51.75527998","-2.3140237","36841.09","36843.57","SINGLE","86","85",""
"2025-11-05, 08:26","2025-11-05, 08:29","33 Regent St, Stonehouse GL10 2AA, UK","33 High St, Stonehouse GL10 2NG, UK","0.62","0.168","Commute","51.74434219","-2.28312849","51.74781399","-2.28267148","36840.47","36841.09","SINGLE","87","87",""
"2025-11-05, 08:15","2025-11-05, 08:23","1 Holbrow Cl, Stonehouse GL10 3GL, UK","33 Regent St, Stonehouse GL10 2AA, UK","1.86","1.704","Commute","51.72827843","-2.28009513","51.74434396","-2.28313419","36838.60","36840.47","SINGLE","90","87",""
"2025-11-04, 19:01","2025-11-04, 19:43","43 Woodland Rd, Bristol BS8 1UU, UK","1 Holbrow Cl, Stonehouse GL10 3GL, UK","30.45","11.036","Commute","51.45780603","-2.6036887","51.728266","-2.28009854","36808.15","36838.60","SINGLE","73","59",""
"2025-11-04, 08:34","2025-11-04, 09:32","37 Regent St, Stonehouse GL10 2AA, UK","43 Woodland Rd, Bristol BS8 1UU, UK","29.83","10.166","Commute","51.74415538","-2.28333401","51.45785801","-2.60372571","36778.33","36808.15","SINGLE","87","74",""
"2025-11-04, 08:24","2025-11-04, 08:32","1 Holbrow Cl, Stonehouse GL10 3GL, UK","37 Regent St, Stonehouse GL10 2AA, UK","1.86","1.749","Commute","51.7282658","-2.2800952","51.74417818","-2.28331266","36776.46","36778.33","SINGLE","90","87",""
"2025-11-03, 18:16","2025-11-03, 18:57","University Gate East, Park Row, Bristol BS1 5UB, UK","1 Holbrow Cl, Stonehouse GL10 3GL, UK","30.45","10.333","Commute","51.45581669","-2.60256944","51.72826529","-2.28011177","36746.02","36776.46","SINGLE","73","60",""
"2025-11-03, 08:23","2025-11-03, 09:22","37 Regent St, Stonehouse GL10 2AA, UK","University Gate East, Park Row, Bristol BS1 5UB, UK","30.45","10.868","Commute","51.74416031","-2.28332008","51.45581669","-2.60256944","36715.57","36746.02","SINGLE","87","73",""
"2025-11-03, 08:09","2025-11-03, 08:17","1 Holbrow Cl, Stonehouse GL10 3GL, UK","37 Regent St, Stonehouse GL10 2AA, UK","1.86","1.643","Commute","51.72825365","-2.28010194","51.74416418","-2.28331003","36713.71","36715.57","SINGLE","90","87",""
"2025-11-01, 11:55","2025-11-01, 14:02","FG9W+FP Hounslow, UK","1 Holbrow Cl, Stonehouse GL10 3GL, UK","112.47","40.131","Commute","51.46863147","-0.45321546","51.7282566","-2.28010905","36601.24","36713.71","SINGLE","75","25",""
"2025-11-01, 10:40","2025-11-01, 11:04","Hertford House, 26 Taywood Rd, Northolt UB5 6GD, UK","LHR Terminal 2 Parking, Stansted Rd, Hounslow TW6 1EW, UK","8.08","2.596","Commute","51.52953376","-0.37795567","51.46900443","-0.45303145","36593.16","36601.24","SINGLE","79","76",""
"2025-10-30, 20:32","2025-10-30, 20:32","Hertford House, 26 Taywood Rd, Northolt UB5 6GD, UK","Hertford House, 26 Taywood Rd, Northolt UB5 6GD, UK","0.00","0.012","Commute","51.52957626","-0.37798426","51.52955688","-0.37798902","36593.16","36593.16","SINGLE","80","80",""
"2025-10-30, 19:48","2025-10-30, 20:31","322 Mill Ln, Earley, Wokankham RG41 5DF, UK","Hertford House, 26 Taywood Rd, Northolt UB5 6GD, UK","27.96","8.714","Commute","51.42832471","-0.89891116","51.52957374","-0.37798184","36565.20","36593.16","SINGLE","90","80",""
"2025-10-30, 19:05","2025-10-30, 19:05","322 Mill Ln, Earley, Wokankham RG41 5DF, UK","322 Mill Ln, Earley, Wokankham RG41 5DF, UK","0.00","0.012","Commute","51.42833767","-0.89892291","51.42830436","-0.89892797","36565.20","36565.20","SINGLE","39","39",""
"2025-10-30, 17:13","2025-10-30, 19:03","University Gate East, Park Row, Bristol BS1 5UB, UK","322 Mill Ln, Earley, Wokankham RG41 5DF, UK","81.40","29.136","Commute","51.4555548","-2.60249704","51.42832356","-0.89892243","36483.80","36565.20","SINGLE","76","39",""
"2025-10-30, 07:49","2025-10-30, 08:47","1 Holbrow Cl, Stonehouse GL10 3GL, UK","University Gate East, Park Row, Bristol BS1 5UB, UK","30.45","11.838","Commute","51.72832824","-2.27999896","51.4555548","-2.60249704","36453.35","36483.80","SINGLE","90","76",""
"2025-10-30, 07:48","2025-10-30, 07:49","1 Holbrow Cl, Stonehouse GL10 3GL, UK","1 Holbrow Cl, Stonehouse GL10 3GL, UK","0.00","0.042","Commute","51.72825652","-2.28011691","51.72834153","-2.28000557","36453.35","36453.35","SINGLE","90","90",""
"2025-10-29, 21:33","2025-10-29, 22:13","1 Holbrow Cl, Stonehouse GL10 3GL, UK","1 Holbrow Cl, Stonehouse GL10 3GL, UK","30.45","11.608","Commute","51.72825652","-2.28011691","51.72826481","-2.28010119","36422.90","36453.35","SINGLE","71","56",""
"2025-10-29, 07:16","2025-10-29, 08:14","1 Holbrow Cl, Stonehouse GL10 3GL, UK","University Gate East, Park Row, Bristol BS1 5UB, UK","30.45","10.046","Commute","51.72827456","-2.28010704","51.45586251","-2.60267488","36392.46","36422.90","SINGLE","84","72",""
"2025-10-28, 20:27","2025-10-28, 20:59","The Cross Hands, Bristol BS37 6RJ, UK","1 Holbrow Cl, Stonehouse GL10 3GL, UK","19.88","5.242","Commute","51.52911655","-2.34177659","51.72825371","-2.28009446","36372.57","36392.46","SINGLE","27","21",""
"2025-10-28, 18:05","2025-10-28, 18:27","FCFP+F2, Eastville, Bristol BS5 6XX, UK","The Cross Hands, Bristol BS37 6RJ, UK","13.05","5.523","Commute","51.4736008","-2.56483579","51.52909476","-2.34170405","36359.52","36372.57","SINGLE","33","27",""
"2025-10-28, 17:43","2025-10-28, 17:59","University Gate East, Park Row, Bristol BS1 5UB, UK","FCFP+F2, Eastville, Bristol BS5 6XX, UK","3.11","0.952","Commute","51.4557407","-2.60267835","51.47359327","-2.56485162","36356.42","36359.52","SINGLE","24","22",""
"2025-10-28, 13:26","2025-10-28, 13:31","75 Woodland Rd, Bristol BS8 1UB, UK","University Gate East, Park Row, Bristol BS1 5UB, UK","0.00","0.141","Commute","51.45597626","-2.60282018","51.4557407","-2.60267835","36356.42","36356.42","SINGLE","24","24",""
"2025-10-28, 11:27","2025-10-28, 11:59","GR6V+2H Chippenham, UK","75 Woodland Rd, Bristol BS8 1UB, UK","22.37","8.268","Commute","51.5100389","-2.15607354","51.45602355","-2.60279601","36334.05","36356.42","SINGLE","35","25",""
"2025-10-28, 11:19","2025-10-28, 11:19","GR6V+2H Chippenham, UK","GR6V+2H Chippenham, UK","0.00","0.009","Commute","51.51006629","-2.15607687","51.51004162","-2.15604961","36334.05","36334.05","SINGLE","32","32",""
"2025-10-28, 10:51","2025-10-28, 11:18","FCJV+9C Hungerford, UK","GR6V+2H Chippenham, UK","27.96","10.622","Commute","51.48095284","-1.55647469","51.51006788","-2.15606939","36306.09","36334.05","SINGLE","45","32",""
"2025-10-28, 09:05","2025-10-28, 10:44","72CQ+5M Westerham, UK","FCJV+CC Hungerford, UK","88.86","29.919","Commute","51.27047083","0.03920822","51.48100783","-1.55643177","36217.23","36306.09","SINGLE","82","45",""
"2025-10-28, 07:53","2025-10-28, 08:12","77 Court Rd., Orpington BR6 0PW, UK","72CQ+5M Westerham, UK","12.43","5.019","Commute","51.37852689","0.1092201","51.27043765","0.03922367","36204.80","36217.23","SINGLE","89","83",""
"2025-10-27, 08:59","2025-10-27, 11:46","Gloucester Services Northbound, M5 Northbound between Junctions 12 and 11A, Gloucester GL4 0DN, UK","77 Court Rd., Orpington BR6 0PW, UK","145.40","46.537","Commute","51.8201244","-2.22796834","51.37851572","0.10923544","36059.40","36204.80","SINGLE","94","36",""
"2025-10-27, 08:31","2025-10-27, 08:49","1 Holbrow Cl, Stonehouse GL10 3GL, UK","Gloucester Services Northbound, M5 Northbound between Junctions 12 and 11A, Gloucester GL4 0DN, UK","9.94","4.438","Commute","51.72826677","-2.28011318","51.82012984","-2.22795523","36049.46","36059.40","SINGLE","100","95",""
"2025-10-24, 17:02","2025-10-24, 17:09","Millvale House, Selsley Hill, Dudbridge, Stroud GL5 3HF, UK","1 Holbrow Cl, Stonehouse GL10 3GL, UK","2.49","0.908","Commute","51.73873925","-2.24041771","51.7282834","-2.28012349","36046.97","36049.46","SINGLE","85","84",""
"2025-10-24, 16:31","2025-10-24, 16:38","4 King St, Stroud GL5 3DS, UK","Millvale House, Selsley Hill, Dudbridge, Stroud GL5 3HF, UK","1.86","0.323","Commute","51.74534483","-2.21801847","51.73869478","-2.24037164","36045.11","36046.97","SINGLE","86","86",""
"2025-10-24, 15:53","2025-10-24, 16:18","1 Holbrow Cl, Stonehouse GL10 3GL, UK","4 King St, Stroud GL5 3DS, UK","4.35","3.179","Commute","51.72825193","-2.28008322","51.74532539","-2.21799137","36040.76","36045.11","SINGLE","90","86",""
"2025-10-23, 19:38","2025-10-23, 20:21","43 Woodland Rd, Bristol BS8, UK","1 Holbrow Cl, Stonehouse GL10 3GL, UK","30.45","12.668","Commute","51.45799327","-2.60378325","51.72826406","-2.28010029","36010.31","36040.76","SINGLE","74","58",""
"2025-10-23, 05:54","2025-10-23, 06:32","1 Holbrow Cl, Stonehouse GL10 3GL, UK","43 Woodland Rd, Bristol BS8, UK","30.45","12.44","Commute","51.72827555","-2.28011939","51.45796909","-2.60372581","35979.87","36010.31","SINGLE","90","75",""
"2025-10-22, 19:18","2025-10-22, 20:01","43 Woodland Rd, Bristol BS8 1UU, UK","1 Holbrow Cl, Stonehouse GL10 3GL, UK","30.45","10.702","Commute","51.4578509","-2.60375016","51.72825015","-2.28012225","35949.42","35979.87","SINGLE","57","43",""
"2025-10-22, 17:02","2025-10-22, 17:04","49 Woodland Rd, Bristol BS8 1UL, UK","43 Woodland Rd, Bristol BS8 1UU, UK","0.62","0.16","Commute","51.45688256","-2.60350611","51.45786377","-2.60374273","35948.80","35949.42","SINGLE","57","57",""
"2025-10-22, 14:38","2025-10-22, 14:52","Eastgate Road M32, Eastville, Bristol BS5 6XX, UK","49 Woodland Rd, Bristol BS8 1UL, UK","3.11","0","Commute","51.47400014","-2.56440425","51.45687396","-2.60342434","35945.69","35948.80","SINGLE","60","57",""
"2025-10-22, 12:38","2025-10-22, 14:14","Heathrow Terminal 2 (Stops 9 - 10), Hounslow TW6 1EW, UK","FCFP+F2, Eastville, Bristol BS5 6XX, UK","101.90","33.796","Commute","51.46976659","-0.45191397","51.47357993","-2.56486381","35843.79","35945.69","SINGLE","58","15",""
"2025-10-22, 10:45","2025-10-22, 12:33","1 Holbrow Cl, Stonehouse GL10 3GL, UK","Heathrow Terminal 2 (Stops 9 - 10), Hounslow TW6 1EW, UK","96.93","34.088","Commute","51.72826747","-2.28010079","51.46977184","-0.45192223","35746.85","35843.79","SINGLE","100","58",""
"2025-10-21, 17:44","2025-10-21, 18:35","43 Woodland Rd, Bristol BS8 1UU, UK","1 Holbrow Cl, Stonehouse GL10 3GL, UK","30.45","10.386","Commute","51.4578621","-2.60372864","51.72826704","-2.28010605","35716.41","35746.85","SINGLE","68","55",""
"2025-10-21, 08:35","2025-10-21, 09:30","Community Centre, Laburnum Walk, Laburnum Mews, Stonehouse GL10 2NS, UK","43 Woodland Rd, Bristol BS8 1UU, UK","30.45","10.274","Commute","51.7447692","-2.28372594","51.45783564","-2.60372131","35685.96","35716.41","SINGLE","80","68",""
"2025-10-21, 08:13","2025-10-21, 08:21","1 Holbrow Cl, Stonehouse GL10 3GL, UK","Community Centre, Laburnum Walk, Laburnum Mews, Stonehouse GL10 2NS, UK","1.86","0.463","Commute","51.72825685","-2.28010053","51.74479894","-2.28370854","35684.09","35685.96","SINGLE","81","80",""
"2025-10-20, 08:29","2025-10-20, 08:39","55 Regent St, Stonehouse GL10 2AA, UK","1 Holbrow Cl, Stonehouse GL10 3GL, UK","1.86","0.793","Commute","51.74393949","-2.28347347","51.72825772","-2.28012313","35682.23","35684.09","SINGLE","83","82",""
"2025-10-20, 08:20","2025-10-20, 08:27","1 Holbrow Cl, Stonehouse GL10 3GL, UK","55 Regent St, Stonehouse GL10 2AA, UK","2.49","0.492","Commute","51.7282997","-2.28012148","51.74394318","-2.28346832","35679.74","35682.23","SINGLE","84","83",""
"2025-10-19, 10:24","2025-10-19, 10:36","PQRP+PG Stroud, UK","1 Holbrow Cl, Stonehouse GL10 3GL, UK","4.35","1.356","Commute","51.7418711","-2.21372468","51.7282562","-2.28010387","35675.39","35679.74","SINGLE","87","85",""
"2025-10-19, 09:51","2025-10-19, 10:03","1 Holbrow Cl, Stonehouse GL10 3GL, UK","PQRP+PG Stroud, UK","4.35","1.756","Commute","51.7282799","-2.28007172","51.74186524","-2.2137266","35671.04","35675.39","SINGLE","90","88",""
"2025-10-17, 14:45","2025-10-17, 14:54","33 High St, Stonehouse GL10 2NG, UK","1 Holbrow Cl, Stonehouse GL10 3GL, UK","2.49","0.613","Commute","51.74781171","-2.28271603","51.72824838","-2.28010315","35668.56","35671.04","SINGLE","57","56",""
"2025-10-17, 13:41","2025-10-17, 13:50","1 Holbrow Cl, Stonehouse GL10 3GL, UK","33 High St, Stonehouse GL10 2NG, UK","1.86","0.556","Commute","51.72826803","-2.28007821","51.74781408","-2.28272832","35666.70","35668.56","SINGLE","59","58",""
"2025-10-17, 08:36","2025-10-17, 08:46","Community Centre, Laburnum Walk, Laburnum Mews, Stonehouse GL10 2NS, UK","1 Holbrow Cl, Stonehouse GL10 3GL, UK","1.86","0.798","Commute","51.74487074","-2.28370283","51.72825679","-2.28012614","35664.83","35666.70","SINGLE","60","59",""
"2025-10-17, 08:17","2025-10-17, 08:26","1 Holbrow Cl, Stonehouse GL10 3GL, UK","Community Centre, Laburnum Walk, Laburnum Mews, Stonehouse GL10 2NS, UK","2.49","0.5","Commute","51.72827862","-2.28012508","51.74484769","-2.28376155","35662.35","35664.83","SINGLE","61","61",""
"2025-10-16, 19:16","2025-10-16, 19:16","1 Holbrow Cl, Stonehouse GL10 3GL, UK","1 Holbrow Cl, Stonehouse GL10 3GL, UK","0.00","0.004","Commute","51.72822451","-2.28011616","51.72823808","-2.28009995","35662.35","35662.35","SINGLE","62","62",""
"2025-10-16, 18:32","2025-10-16, 19:15","University Gate East, Park Row, Bristol BS1 5UB, UK","1 Holbrow Cl, Stonehouse GL10 3GL, UK","30.45","9.457","Commute","51.45579499","-2.60249395","51.72828895","-2.27998856","35631.90","35662.35","SINGLE","74","62",""
"2025-10-16, 08:36","2025-10-16, 09:30","Community Centre, Laburnum Walk, Laburnum Mews, Stonehouse GL10 2NS, UK","University Gate East, Park Row, Bristol BS1 5UB, UK","29.20","9.261","Commute","51.74486369","-2.28392152","51.45579499","-2.60249395","35602.69","35631.90","SINGLE","86","75",""
"2025-10-16, 08:12","2025-10-16, 08:21","1 Holbrow Cl, Stonehouse GL10 3GL, UK","Community Centre, Laburnum Walk, Laburnum Mews, Stonehouse GL10 2NS, UK","2.49","1.672","Commute","51.72827523","-2.28011443","51.74487606","-2.28393112","35600.21","35602.69","SINGLE","90","87",""
"2025-10-15, 16:44","2025-10-15, 17:54","WelcomeBreak, M5, Bristol BS20 7XG, UK","1 Holbrow Cl, Stonehouse GL10 3GL, UK","32.31","11.361","Commute","51.47759307","-2.70673691","51.72824441","-2.28009736","35567.90","35600.21","SINGLE","54","40",""
"2025-10-15, 16:01","2025-10-15, 16:36","Veterinary College, Bristol BS40 5DU, UK","WelcomeBreak, M5, Bristol BS20 7XG, UK","19.88","8.11","Commute","51.34493659","-2.78025907","51.47760044","-2.70673804","35548.01","35567.90","SINGLE","65","54",""
"2025-10-15, 08:33","2025-10-15, 09:33","33 Regent St, Stonehouse GL10 2AA, UK","Veterinary College, Bristol BS40 5DU, UK","48.47","17.356","Commute","51.74429568","-2.28312374","51.34494002","-2.78027801","35499.55","35548.01","SINGLE","87","65",""
"2025-10-15, 08:17","2025-10-15, 08:29","1 Holbrow Cl, Stonehouse GL10 3GL, UK","37 Regent St, Stonehouse GL10 2AA, UK","1.86","1.764","Commute","51.72826252","-2.2801224","51.74418465","-2.2833188","35497.68","35499.55","SINGLE","90","87",""
"2025-10-14, 16:41","2025-10-14, 17:28","F8Q6+FW Bristol, UK","1 Holbrow Cl, Stonehouse GL10 3GL, UK","29.20","10.324","Commute","51.48868823","-2.68767623","51.72827278","-2.28012826","35468.48","35497.68","SINGLE","76","64",""
"2025-10-14, 07:30","2025-10-14, 08:07","1 Holbrow Cl, Stonehouse GL10 3GL, UK","F8Q6+FW Bristol, UK","29.83","10.195","Commute","51.72829134","-2.28012417","51.48869653","-2.68773846","35438.65","35468.48","SINGLE","90","77",""
"2025-10-13, 18:58","2025-10-13, 19:42","University Gate East, Park Row, Bristol BS1 5UB, UK","1 Holbrow Cl, Stonehouse GL10 3GL, UK","30.45","0","Commute","51.45579811","-2.60254503","51.72825308","-2.28010184","35408.21","35438.65","SINGLE","70","56",""
"2025-10-13, 08:28","2025-10-13, 09:16","55 Regent St, Stonehouse GL10 2AA, UK","University Gate East, Park Row, Bristol BS1 5UB, UK","29.83","9.83","Commute","51.74393671","-2.28346675","51.45579811","-2.60254503","35378.38","35408.21","SINGLE","82","70",""
"2025-10-13, 08:19","2025-10-13, 08:27","1 Holbrow Cl, Stonehouse GL10 3GL, UK","55 Regent St, Stonehouse GL10 2AA, UK","1.86","0.489","Commute","51.72826086","-2.2800917","51.74393735","-2.28346207","35376.52","35378.38","SINGLE","82","82",""
"2025-10-12, 15:03","2025-10-12, 15:10","Stonehouse, Stonehouse GL10 2JW, UK","1 Holbrow Cl, Stonehouse GL10 3GL, UK","1.86","0.519","Commute","51.74570538","-2.27950371","51.72826443","-2.28006031","35374.65","35376.52","SINGLE","84","84",""
"2025-10-12, 14:55","2025-10-12, 14:56","Stonehouse, Stonehouse GL10 2JW, UK","Stonehouse, Stonehouse GL10 2JW, UK","0.00","0.003","Commute","51.74574764","-2.27950185","51.7457482","-2.27949884","35374.65","35374.65","SINGLE","85","85",""
"2025-10-12, 14:48","2025-10-12, 14:55","1 Holbrow Cl, Stonehouse GL10 3GL, UK","Stonehouse, Stonehouse GL10 2JW, UK","1.86","0.537","Commute","51.72828028","-2.28006123","51.74574519","-2.27949191","35372.79","35374.65","SINGLE","85","85",""
"2025-10-12, 11:02","2025-10-12, 11:08","6 Palmers Ct, Stonehouse GL10 2JB, UK","1 Holbrow Cl, Stonehouse GL10 3GL, UK","1.86","0.606","Commute","51.74463906","-2.27903503","51.72827151","-2.28006822","35370.92","35372.79","SINGLE","86","86",""
"2025-10-12, 10:50","2025-10-12, 10:57","1 Holbrow Cl, Stonehouse GL10 3GL, UK","6 Palmers Ct, Stonehouse GL10 2JB, UK","1.86","0.549","Commute","51.72831496","-2.28006427","51.74462033","-2.27905877","35369.06","35370.92","SINGLE","87","86",""
"2025-10-11, 12:51","2025-10-11, 12:58","6 Palmers Ct, Stonehouse GL10 2JB, UK","1 Holbrow Cl, Stonehouse GL10 3GL, UK","1.86","1.161","Commute","51.74463181","-2.27905371","51.7282656","-2.28007172","35367.19","35369.06","SINGLE","90","88",""
"2025-10-11, 12:42","2025-10-11, 12:49","1 Holbrow Cl, Stonehouse GL10 3GL, UK","6 Palmers Ct, Stonehouse GL10 2JB, UK","1.86","0.529","Commute","51.72830095","-2.28012695","51.74461696","-2.27906561","35365.33","35367.19","SINGLE","90","90",""
"2025-10-10, 16:18","2025-10-10, 16:26","Stonehouse, Stonehouse GL10 2JW, UK","1 Holbrow Cl, Stonehouse GL10 3GL, UK","1.86","0.544","Commute","51.74599725","-2.27928249","51.72826961","-2.28007431","35363.47","35365.33","SINGLE","54","54",""
"2025-10-10, 16:08","2025-10-10, 16:17","1 Holbrow Cl, Stonehouse GL10 3GL, UK","Stonehouse, Stonehouse GL10 2JW, UK","2.49","0.547","Commute","51.72831256","-2.2801039","51.74600313","-2.27927297","35360.98","35363.47","SINGLE","55","54",""
"2025-10-10, 08:37","2025-10-10, 08:47","Community Centre, Laburnum Walk, Laburnum Mews, Stonehouse GL10 2NS, UK","1 Holbrow Cl, Stonehouse GL10 3GL, UK","1.86","0.757","Commute","51.74476497","-2.28366015","51.72827406","-2.28008058","35359.12","35360.98","SINGLE","57","56",""
"2025-10-10, 08:15","2025-10-10, 08:24","1 Holbrow Cl, Stonehouse GL10 3GL, UK","Community Centre, Laburnum Walk, Laburnum Mews, Stonehouse GL10 2NS, UK","1.86","0.46","Commute","51.72828664","-2.28010845","51.74476702","-2.28366329","35357.25","35359.12","SINGLE","59","58",""
"2025-10-09, 17:10","2025-10-09, 18:10","University Gate East, Park Row, Bristol BS1 5UB, UK","1 Holbrow Cl, Stonehouse GL10 3GL, UK","30.45","8.95","Commute","51.45568686","-2.60252067","51.72825344","-2.28009462","35326.81","35357.25","SINGLE","71","60",""
"2025-10-09, 08:32","2025-10-09, 09:26","41 Regent St, Stonehouse GL10 2AA, UK","University Gate East, Park Row, Bristol BS1 5UB, UK","29.83","10.749","Commute","51.74399025","-2.28341543","51.45568686","-2.60252067","35296.98","35326.81","SINGLE","84","71",""
"2025-10-09, 08:23","2025-10-09, 08:31","1 Holbrow Cl, Stonehouse GL10 3GL, UK","41 Regent St, Stonehouse GL10 2AA, UK","1.86","0.539","Commute","51.72826458","-2.28011056","51.74398945","-2.28341342","35295.12","35296.98","SINGLE","85","84",""
"2025-10-08, 08:38","2025-10-08, 08:47","Community Centre, Laburnum Walk, Laburnum Mews, Stonehouse GL10 2NS, UK","1 Holbrow Cl, Stonehouse GL10 3GL, UK","2.49","0.65","Commute","51.74488948","-2.28387498","51.72825688","-2.28011164","35292.63","35295.12","SINGLE","88","87",""
"2025-10-08, 08:20","2025-10-08, 08:28","1 Holbrow Cl, Stonehouse GL10 3GL, UK","Community Centre, Laburnum Walk, Laburnum Mews, Stonehouse GL10 2NS, UK","1.86","0.452","Commute","51.72828104","-2.2801258","51.74488686","-2.28394118","35290.77","35292.63","SINGLE","90","89",""
"2025-10-07, 18:10","2025-10-07, 18:57","University Gate East, Park Row, Bristol BS1 5UB, UK","1 Holbrow Cl, Stonehouse GL10 3GL, UK","30.45","9.342","Commute","51.45560865","-2.60244895","51.72825599","-2.28011057","35260.32","35290.77","SINGLE","43","31",""
"2025-10-07, 08:36","2025-10-07, 09:29","Community Centre, Laburnum Walk, Laburnum Mews, Stonehouse GL10 2NS, UK","University Gate East, Park Row, Bristol BS1 5UB, UK","29.83","10.289","Commute","51.74476313","-2.28368649","51.45560865","-2.60244895","35230.49","35260.32","SINGLE","56","43",""
"2025-10-07, 08:15","2025-10-07, 08:23","1 Holbrow Cl, Stonehouse GL10 3GL, UK","Community Centre, Laburnum Walk, Laburnum Mews, Stonehouse GL10 2NS, UK","1.86","0.458","Commute","51.72827133","-2.28009178","51.74476377","-2.28367234","35228.63","35230.49","SINGLE","57","56",""
"2025-10-06, 18:34","2025-10-06, 19:14","81 Woodland Rd, Bristol BS8 1US, UK","1 Holbrow Cl, Stonehouse GL10 3GL, UK","30.45","10.345","Commute","51.45592548","-2.60243411","51.72823957","-2.28012494","35198.18","35228.63","SINGLE","72","59",""
"2025-10-06, 08:31","2025-10-06, 09:24","69 Regent St, Stonehouse GL10 2AA, UK","University Gate East, Park Row, Bristol BS1 5UB, UK","29.83","10.573","Commute","51.74344393","-2.28359402","51.45579484","-2.60274127","35168.36","35198.18","SINGLE","85","72",""
"2025-10-06, 08:20","2025-10-06, 08:29","1 Holbrow Cl, Stonehouse GL10 3GL, UK","69 Regent St, Stonehouse GL10 2AA, UK","1.86","0.452","Commute","51.72828019","-2.28009347","51.7434543","-2.28359218","35166.49","35168.36","SINGLE","86","85",""
"2025-10-05, 16:32","2025-10-05, 16:37","Unit 42 Upper Mills Industrial Estate Rd, Bridgend, Stonehouse GL10 2BJ, UK","1 Holbrow Cl, Stonehouse GL10 3GL, UK","1.24","1.083","Commute","51.74073909","-2.28257665","51.72825508","-2.2801583","35165.25","35166.49","SINGLE","90","88",""
"2025-10-05, 16:20","2025-10-05, 16:31","1 Holbrow Cl, Stonehouse GL10 3GL, UK","Unit 42 Upper Mills Industrial Estate Rd, Bridgend, Stonehouse GL10 2BJ, UK","1.86","0.449","Commute","51.72826886","-2.28010276","51.74073332","-2.28258669","35163.38","35165.25","SINGLE","90","90",""
"2025-10-03, 19:18","2025-10-03, 19:18","1 Holbrow Cl, Stonehouse GL10 3GL, UK","1 Holbrow Cl, Stonehouse GL10 3GL, UK","0.00","0.009","Commute","51.72822148","-2.28004268","51.72825249","-2.28012464","35163.38","35163.38","SINGLE","25","25",""
"2025-10-03, 19:01","2025-10-03, 19:16","Hardwicke Roundabout, Bristol Rd, Hardwicke, Gloucester GL2 2RQ, UK","1 Holbrow Cl, Stonehouse GL10 3GL, UK","7.46","2.517","Commute","51.80500853","-2.29008776","51.72831203","-2.28001944","35155.93","35163.38","SINGLE","28","25",""
"2025-10-03, 18:13","2025-10-03, 18:32","1 Holbrow Cl, Stonehouse GL10 3GL, UK","Hardwicke Roundabout, Bristol Rd, Hardwicke, Gloucester GL2 2RQ, UK","7.46","2.011","Commute","51.72826925","-2.28009834","51.804987","-2.2899703","35148.47","35155.93","SINGLE","31","28",""
"2025-10-03, 08:45","2025-10-03, 08:54","Community Centre, Laburnum Walk, Laburnum Mews, Stonehouse GL10 2NS, UK","1 Holbrow Cl, Stonehouse GL10 3GL, UK","1.86","0.685","Commute","51.74480039","-2.28372361","51.72825645","-2.28010458","35146.61","35148.47","SINGLE","32","31",""
"2025-10-03, 08:17","2025-10-03, 08:26","1 Holbrow Cl, Stonehouse GL10 3GL, UK","Community Centre, Laburnum Walk, Laburnum Mews, Stonehouse GL10 2NS, UK","1.86","0.44","Commute","51.72825618","-2.28011981","51.74476991","-2.28368645","35144.74","35146.61","SINGLE","33","32",""
"2025-10-02, 18:44","2025-10-02, 19:28","University Gate East, Park Row, Bristol BS1 5UB, UK","1 Holbrow Cl, Stonehouse GL10 3GL, UK","30.45","9.432","Commute","51.45561738","-2.60256012","51.72825838","-2.28011105","35114.30","35144.74","SINGLE","47","35",""
"2025-10-02, 08:29","2025-10-02, 09:26","55 Regent St, Stonehouse GL10 2AA, UK","University Gate East, Park Row, Bristol BS1 5UB, UK","29.83","10.693","Commute","51.74394725","-2.28344646","51.45561738","-2.60256012","35084.47","35114.30","SINGLE","60","46",""
"2025-10-02, 08:22","2025-10-02, 08:28","1 Holbrow Cl, Stonehouse GL10 3GL, UK","55 Regent St, Stonehouse GL10 2AA, UK","1.86","0.443","Commute","51.72826547","-2.28008638","51.74394158","-2.28344961","35082.61","35084.47","SINGLE","61","60",""
"2025-10-01, 19:00","2025-10-01, 19:45","University Gate East, Park Row, Bristol BS1 5UB, UK","1 Holbrow Cl, Stonehouse GL10 3GL, UK","30.45","9.837","Commute","51.45577827","-2.6024667","51.7282909","-2.28015545","35052.16","35082.61","SINGLE","74","62",""
"2025-10-01, 08:35","2025-10-01, 09:26","Community Centre, Laburnum Walk, Laburnum Mews, Stonehouse GL10 2NS, UK","University Gate East, Park Row, Bristol BS1 5UB, UK","29.83","8.847","Commute","51.74477047","-2.28368428","51.45590854","-2.60271461","35022.33","35052.16","SINGLE","86","75",""
"2025-10-01, 08:18","2025-10-01, 08:26","1 Holbrow Cl, Stonehouse GL10 3GL, UK","Community Centre, Laburnum Walk, Laburnum Mews, Stonehouse GL10 2NS, UK","1.86","1.671","Commute","51.72827211","-2.28007273","51.74477242","-2.28366536","35020.47","35022.33","SINGLE","90","87",""
"2025-09-30, 18:18","2025-09-30, 19:01","50 Park Row, Bristol BS1 5LH, UK","1 Holbrow Cl, Stonehouse GL10 3GL, UK","30.45","9.49","Commute","51.45529423","-2.6026062","51.7282622","-2.28009274","34990.02","35020.47","SINGLE","43","31",""
"2025-09-30, 07:57","2025-09-30, 09:06","1 Holbrow Cl, Stonehouse GL10 3GL, UK","50 Park Row, Bristol BS1 5LH, UK","34.80","12.92","Commute","51.72828037","-2.28010882","51.45529423","-2.6026062","34955.23","34990.02","SINGLE","59","43",""
"2025-09-29, 18:18","2025-09-29, 19:03","95 Woodland Rd, Bristol BS8 1US, UK","1 Holbrow Cl, Stonehouse GL10 3GL, UK","30.45","10.189","Commute","51.455588936805725","-2.60201096534729","51.72826049","-2.28012337","34924.78","34955.23","SINGLE","72","59",""
"2025-09-29, 08:39","2025-09-29, 09:30","Community Centre, Laburnum Walk, Laburnum Mews, Stonehouse GL10 2NS, UK","University Gate East, Park Row, Bristol BS1 5UB, UK","29.20","9.865","Commute","51.74485948","-2.2836584","51.45561777","-2.60255592","34895.57","34924.78","SINGLE","84","72",""
"2025-09-29, 08:17","2025-09-29, 08:26","1 Holbrow Cl, Leonard Stanley, Stonehouse GL10 3GL, UK","Community Centre, Laburnum Walk, Laburnum Mews, Stonehouse GL10 2NS, UK","2.49","0.527","Commute","51.72808455","-2.28076972","51.74483336","-2.28373649","34893.09","34895.57","SINGLE","85","84",""
"2025-09-28, 15:53","2025-09-28, 16:00","The Light Family Books & Gifts Store, 22 High St, Stonehouse GL10 2NA, UK","1 Holbrow Cl, Stonehouse GL10 3GL, UK","1.86","1.128","Commute","51.74648565","-2.28278771","51.72825083","-2.28008971","34891.22","34893.09","SINGLE","90","88",""
"2025-09-28, 15:46","2025-09-28, 15:49","Stonehouse, Stonehouse GL10 2JW, UK","The Light Family Books & Gifts Store, 22 High St, Stonehouse GL10 2NA, UK","0.00","0.083","Commute","51.74568491","-2.27953233","51.74649166","-2.28280061","34891.22","34891.22","SINGLE","90","90",""
"2025-09-28, 15:38","2025-09-28, 15:45","1 Holbrow Cl, Stonehouse GL10 3GL, UK","Stonehouse, Stonehouse GL10 2JW, UK","1.86","0.55","Commute","51.72829526","-2.2801295","51.74569065","-2.27953778","34889.36","34891.22","SINGLE","90","90",""
"2025-09-27, 19:25","2025-09-27, 19:35","Rowcroft Medical Centre, Rowcroft Retreat, Stroud GL5 3BE, UK","1 Holbrow Cl, Stonehouse GL10 3GL, UK","4.35","1.155","Commute","51.74546779","-2.22020037","51.72825988","-2.28009705","34885.01","34889.36","SINGLE","78","77",""
"2025-09-27, 18:55","2025-09-27, 19:05","1 Holbrow Cl, Stonehouse GL10 3GL, UK","Rowcroft Medical Centre, Rowcroft Retreat, Stroud GL5 3BE, UK","3.73","1.179","Commute","51.7282224","-2.28008693","51.74552632","-2.22015377","34881.28","34885.01","SINGLE","80","78",""
"2025-09-26, 18:19","2025-09-26, 18:26","Stonehouse, Stonehouse GL10 2JW, UK","1 Holbrow Cl, Stonehouse GL10 3GL, UK","1.86","0.702","Commute","51.74600107","-2.27924861","51.72826593","-2.28010943","34879.42","34881.28","SINGLE","81","80",""
"2025-09-26, 18:08","2025-09-26, 18:17","1 Holbrow Cl, Stonehouse GL10 3GL, UK","Stonehouse, Stonehouse GL10 2JW, UK","2.49","0.654","Commute","51.72827857","-2.2801102","51.74600519","-2.27926042","34876.93","34879.42","SINGLE","82","81",""
"2025-09-26, 09:09","2025-09-26, 09:18","18 Elm Rd, Stonehouse GL10 2NP, UK","1 Holbrow Cl, Stonehouse GL10 3GL, UK","2.49","0.823","Commute","51.74837392","-2.28466049","51.72827918","-2.28011547","34874.45","34876.93","SINGLE","83","82",""
"2025-09-26, 08:59","2025-09-26, 09:05","10 Bathleaze, King's Stanley, Stonehouse GL10 3JW, UK","18 Elm Rd, Stonehouse GL10 2NP, UK","1.24","0.428","Commute","51.72979259","-2.2750195","51.74840593","-2.28465792","34873.20","34874.45","SINGLE","84","83",""
"2025-09-26, 08:35","2025-09-26, 08:51","Community Centre, Laburnum Walk, Laburnum Mews, Stonehouse GL10 2NS, UK","10 Bathleaze, King's Stanley, Stonehouse GL10 3JW, UK","2.49","0.872","Commute","51.7449147","-2.28382715","51.7297966","-2.2750038","34870.72","34873.20","SINGLE","85","84",""
"2025-09-26, 08:17","2025-09-26, 08:25","1 Holbrow Cl, Stonehouse GL10 3GL, UK","Community Centre, Laburnum Walk, Laburnum Mews, Stonehouse GL10 2NS, UK","1.86","1.869","Commute","51.72825748","-2.28010674","51.74486936","-2.28385291","34868.86","34870.72","SINGLE","90","87",""
"2025-09-25, 18:01","2025-09-25, 18:44","15 Park Grove, Westbury Park, Henleaze, Bristol BS6 7XB, UK","1 Holbrow Cl, Stonehouse GL10 3GL, UK","29.20","10.007","Commute","51.4833155","-2.60648247","51.72827566","-2.28011359","34839.65","34868.86","SINGLE","72","59",""
"2025-09-23, 18:45","2025-09-23, 19:20","F8Q7+93 Bristol, UK","1 Holbrow Cl, Stonehouse GL10 3GL, UK","29.20","11.042","Commute","51.48848427","-2.68737102","51.72826093","-2.28010222","34716.00","34745.20","SINGLE","39","25",""
"2025-09-23, 08:36","2025-09-23, 09:12","Community Centre, Laburnum Walk, Laburnum Mews, Stonehouse GL10 2NS, UK","F8Q7+93 Bristol, UK","28.58","10.935","Commute","51.74479862","-2.2836798","51.48846411","-2.68738667","34687.41","34716.00","SINGLE","53","39",""
"2025-09-23, 08:14","2025-09-23, 08:22","1 Holbrow Cl, Stonehouse GL10 3GL, UK","Community Centre, Laburnum Walk, Laburnum Mews, Stonehouse GL10 2NS, UK","2.49","0.791","Commute","51.72825918","-2.28009011","51.74480162","-2.28371247","34684.93","34687.41","SINGLE","54","53",""
"2025-09-22, 19:06","2025-09-22, 19:49","University Gate East, Park Row, Bristol BS1 5UB, UK","1 Holbrow Cl, Stonehouse GL10 3GL, UK","30.45","11.847","Commute","51.45572344","-2.6026577","51.72825945","-2.28009792","34654.48","34684.93","SINGLE","73","58",""
"2025-09-22, 08:34","2025-09-22, 09:28","Community Centre, Laburnum Walk, Laburnum Mews, Stonehouse GL10 2NS, UK","University Gate East, Park Row, Bristol BS1 5UB, UK","29.20","12.019","Commute","51.74489353","-2.28356975","51.45572344","-2.6026577","34625.28","34654.48","SINGLE","87","72",""
"2025-09-22, 08:10","2025-09-22, 08:19","1 Holbrow Cl, Stonehouse GL10 3GL, UK","Community Centre, Laburnum Walk, Laburnum Mews, Stonehouse GL10 2NS, UK","2.49","1.05","Commute","51.72824003","-2.28009314","51.74489595","-2.28358353","34622.79","34625.28","SINGLE","90","89",""
"2025-09-20, 11:25","2025-09-20, 11:31","Ryeford Arms & Carvery, 12 Ebley Rd, Stonehouse GL10 2LQ, UK","1 Holbrow Cl, Stonehouse GL10 3GL, UK","1.86","0.689","Commute","51.7408948","-2.26564379","51.72824547","-2.28006606","34620.93","34622.79","SINGLE","50","49",""
"2025-09-20, 11:23","2025-09-20, 11:23","Ryeford Arms & Carvery, 12 Ebley Rd, Stonehouse GL10 2LQ, UK","Ryeford Arms & Carvery, 12 Ebley Rd, Stonehouse GL10 2LQ, UK","0.00","0.006","Commute","51.7408645","-2.2659383","51.74087949","-2.26564107","34620.93","34620.93","SINGLE","50","50",""
"2025-09-20, 11:13","2025-09-20, 11:21","1 Holbrow Cl, Stonehouse GL10 3GL, UK","Ryeford Arms & Carvery, 12 Ebley Rd, Stonehouse GL10 2LQ, UK","1.86","0.743","Commute","51.72825699","-2.27999502","51.74085296","-2.26591909","34619.06","34620.93","SINGLE","51","50",""
"2025-09-19, 15:53","2025-09-19, 16:00","10 Bristol Rd, Stonehouse GL10 2BQ, UK","1 Holbrow Cl, Stonehouse GL10 3GL, UK","1.86","0.706","Commute","51.74306314","-2.28638881","51.72824625","-2.28004506","34617.20","34619.06","SINGLE","52","51",""
"2025-09-19, 15:30","2025-09-19, 15:38","1 Holbrow Cl, Stonehouse GL10 3GL, UK","10 Bristol Rd, Stonehouse GL10 2BQ, UK","1.86","0.442","Commute","51.72823463","-2.27995631","51.74306915","-2.28638243","34615.34","34617.20","SINGLE","52","52",""
"2025-09-19, 15:19","2025-09-19, 15:30","Crossing Cottage, Beard's Ln, Stroud GL5 4HD, UK","1 Holbrow Cl, Stonehouse GL10 3GL, UK","3.11","0.17","Commute","51.74588225","-2.23178465","51.7282243","-2.2800339","34612.23","34615.34","SINGLE","54","53",""
"2025-09-19, 14:47","2025-09-19, 14:57","1 Holbrow Cl, Stonehouse GL10 3GL, UK","Crossing Cottage, Beard's Ln, Stroud GL5 4HD, UK","3.73","0.967","Commute","51.72826127","-2.28008734","51.74587786","-2.2317713","34608.50","34612.23","SINGLE","56","55",""
"2025-09-19, 08:36","2025-09-19, 08:45","55 Regent St, Stonehouse GL10 2AA, UK","1 Holbrow Cl, Stonehouse GL10 3GL, UK","1.86","1.086","Commute","51.74393346","-2.28346776","51.72825138","-2.28008244","34606.64","34608.50","SINGLE","58","56",""
"2025-09-19, 08:22","2025-09-19, 08:35","117 Cainscross Rd, Stroud GL5 4HN, UK","55 Regent St, Stonehouse GL10 2AA, UK","3.73","1.476","Commute","51.74497525","-2.23252667","51.74393875","-2.28346677","34602.91","34606.64","SINGLE","60","58",""
"2025-09-19, 08:08","2025-09-19, 08:21","1 Holbrow Cl, Stonehouse GL10 3GL, UK","117 Cainscross Rd, Stroud GL5 4HN, UK","3.11","1.516","Commute","51.72826683","-2.28007334","51.74498316","-2.23254148","34599.80","34602.91","SINGLE","62","60",""
"2025-09-18, 17:31","2025-09-18, 18:17","15 Park Grove, Westbury Park, Henleaze, Bristol BS6 7XB, UK","1 Holbrow Cl, Stonehouse GL10 3GL, UK","28.58","9.086","Commute","51.48351812","-2.60658517","51.7282579","-2.28011714","34571.22","34599.80","SINGLE","74","62",""
"2025-09-18, 16:38","2025-09-18, 16:51","Cantocks Close, Bristol BS8 1US, UK","15 Park Grove, Westbury Park, Henleaze, Bristol BS6 7XB, UK","2.49","1.063","Commute","51.45572291","-2.60244741","51.48352081","-2.60653299","34568.73","34571.22","SINGLE","75","74",""
"2025-09-18, 08:33","2025-09-18, 09:22","2 Whitefield Cl, Bridgend, Stonehouse GL10 2AL, UK","Cantocks Close, Bristol BS8 1US, UK","29.20","11.061","Commute","51.74115201","-2.28394973","51.45572291","-2.60244741","34539.53","34568.73","SINGLE","90","76",""
"2025-09-18, 08:09","2025-09-18, 08:14","1 Holbrow Cl, Stonehouse GL10 3GL, UK","2 Whitefield Cl, Bridgend, Stonehouse GL10 2AL, UK","1.24","0.385","Commute","51.72823708","-2.28009913","51.74114995","-2.28393735","34538.29","34539.53","SINGLE","90","90",""
"2025-09-17, 17:21","2025-09-17, 18:02","F8Q7+92 Bristol, UK","1 Holbrow Cl, Stonehouse GL10 3GL, UK","29.83","10.25","Commute","51.48849865","-2.68746778","51.72825084","-2.28009846","34508.46","34538.29","SINGLE","45","32",""
"2025-09-17, 08:34","2025-09-17, 09:10","Community Centre, Laburnum Walk, Laburnum Mews, Stonehouse GL10 2NS, UK","F8Q7+93 Bristol, UK","28.58","11.911","Commute","51.74482281","-2.28373184","51.48849218","-2.68743649","34479.88","34508.46","SINGLE","61","46",""
"2025-09-17, 08:15","2025-09-17, 08:24","1 Holbrow Cl, Stonehouse GL10 3GL, UK","Community Centre, Laburnum Walk, Laburnum Mews, Stonehouse GL10 2NS, UK","1.86","0.806","Commute","51.72825908","-2.2801002","51.74479821","-2.28374889","34478.01","34479.88","SINGLE","62","61",""
"2025-09-16, 17:12","2025-09-16, 18:21","43 Woodland Rd, Bristol BS8 1UU, UK","1 Holbrow Cl, Stonehouse GL10 3GL, UK","31.07","10.23","Commute","51.45794926","-2.6037338","51.72824653","-2.28008028","34446.94","34478.01","SINGLE","74","61",""
"2025-09-16, 05:55","2025-09-16, 06:36","1 Holbrow Cl, Stonehouse GL10 3GL, UK","43 Woodland Rd, Bristol BS8, UK","29.83","12.318","Commute","51.72823997","-2.28010154","51.45795584","-2.60373918","34417.12","34446.94","SINGLE","90","75",""
"2025-09-15, 15:54","2025-09-15, 16:03","Community Centre, Laburnum Walk, Laburnum Mews, Stonehouse GL10 2NS, UK","1 Holbrow Cl, Stonehouse GL10 3GL, UK","2.49","0.722","Commute","51.74488221","-2.28351536","51.72827589","-2.28007205","34414.63","34417.12","SINGLE","63","62",""
"2025-09-15, 14:50","2025-09-15, 15:31","43 Woodland Rd, Bristol BS8, UK","Community Centre, Laburnum Walk, Laburnum Mews, Stonehouse GL10 2NS, UK","29.83","9.462","Commute","51.45795936","-2.60351521","51.74487797","-2.28349903","34384.81","34414.63","SINGLE","75","63",""
"2025-09-15, 06:33","2025-09-15, 07:37","1 Holbrow Cl, Stonehouse GL10 3GL, UK","43 Woodland Rd, Bristol BS8 1UU, UK","31.69","12.498","Commute","51.72826755","-2.28010481","51.45789904","-2.60368753","34353.12","34384.81","SINGLE","90","75",""
"2025-09-14, 19:12","2025-09-14, 19:27","Hardwicke Roundabout, Bristol Rd, Hardwicke, Gloucester GL2 2RQ, UK","1 Holbrow Cl, Stonehouse GL10 3GL, UK","6.84","3.083","Commute","51.80505884","-2.29025206","51.72826318","-2.28010324","34346.28","34353.12","SINGLE","85","81",""
"2025-09-14, 18:36","2025-09-14, 18:50","1 Holbrow Cl, Stonehouse GL10 3GL, UK","Hardwicke Roundabout, Bristol Rd, Hardwicke, Gloucester GL2 2RQ, UK","8.08","3.906","Commute","51.72826703","-2.2800971","51.80508414","-2.29024777","34338.20","34346.28","SINGLE","90","85",""
"2025-09-14, 18:34","2025-09-14, 18:35","1 Holbrow Cl, Stonehouse GL10 3GL, UK","1 Holbrow Cl, Stonehouse GL10 3GL, UK","0.00","0.051","Commute","51.72827881","-2.28010621","51.72826645","-2.28009652","34338.20","34338.20","SINGLE","90","90",""
"2025-09-12, 13:07","2025-09-12, 13:07","1 Holbrow Cl, Stonehouse GL10 3GL, UK","1 Holbrow Cl, Stonehouse GL10 3GL, UK","0.00","0.009","Commute","51.72817817","-2.28020244","51.72824852","-2.28010265","34338.20","34338.20","SINGLE","90","90",""
"2025-09-11, 13:53","2025-09-11, 15:08","R25, Birmingham B15 2SB, UK","1 Holbrow Cl, Stonehouse GL10 3GL, UK","62.76","22.085","Commute","52.45215096","-1.93212159","51.72825551","-2.28010914","34275.45","34338.20","SINGLE","85","58",""
"2025-09-11, 05:46","2025-09-11, 06:57","1 Holbrow Cl, Stonehouse GL10 3GL, UK","R25, Birmingham B15 2SB, UK","62.76","0","Commute","51.72825142","-2.28007929","52.45216783","-1.93210225","34212.69","34275.45","SINGLE","90","60",""
"2025-09-10, 18:08","2025-09-10, 18:16","290 Sperry Wy, Stonehouse GL10 3UT, UK","1 Holbrow Cl, Stonehouse GL10 3GL, UK","2.49","0.874","Commute","51.74651395","-2.30090937","51.72827012","-2.28009561","34210.20","34212.69","SINGLE","90","89",""
"2025-09-10, 16:33","2025-09-10, 17:32","43 Woodland Rd, Bristol BS8 1UU, UK","290 Sperry Wy, Stonehouse GL10 3UT, UK","28.58","9.955","Commute","51.45786481","-2.60378187","51.74650588","-2.3009086","34181.62","34210.20","SINGLE","77","64",""
"2025-09-10, 06:48","2025-09-10, 07:40","1 Holbrow Cl, Stonehouse GL10 3GL, UK","43 Woodland Rd, Bristol BS8 1UU, UK","30.45","10.492","Commute","51.72827585","-2.28012953","51.45786554","-2.60372246","34151.17","34181.62","SINGLE","90","77",""
"2025-09-09, 17:12","2025-09-09, 18:10","43 Woodland Rd, Bristol BS8 1UU, UK","1 Holbrow Cl, Stonehouse GL10 3GL, UK","31.07","11.24","Commute","51.45782246","-2.60371998","51.72825425","-2.28010911","34120.10","34151.17","SINGLE","47","33",""
"2025-09-09, 06:37","2025-09-09, 07:21","1 Holbrow Cl, Stonehouse GL10 3GL, UK","43 Woodland Rd, Bristol BS8 1UU, UK","30.45","12.053","Commute","51.7282912","-2.28010372","51.45784516","-2.60373024","34089.66","34120.10","SINGLE","62","47",""
"2025-09-08, 19:06","2025-09-08, 19:48","43 Woodland Rd, Bristol BS8, UK","1 Holbrow Cl, Stonehouse GL10 3GL, UK","30.45","10.191","Commute","51.45792731","-2.6036251","51.72827315","-2.28012445","34059.21","34089.66","SINGLE","75","62",""
"2025-09-08, 07:01","2025-09-08, 07:59","1 Holbrow Cl, Stonehouse GL10 3GL, UK","43 Woodland Rd, Bristol BS8 1UU, UK","36.04","12.495","Commute","51.72808081","-2.28018861","51.45783789","-2.60373086","34023.17","34059.21","SINGLE","90","75",""
"2025-09-05, 17:34","2025-09-05, 17:43","Millvale House, Selsley Hill, Dudbridge, Stroud GL5 3HF, UK","1 Holbrow Cl, Stonehouse GL10 3GL, UK","2.49","0.722","Commute","51.73872894","-2.24043924","51.72823593","-2.28008247","34020.68","34023.17","SINGLE","66","65",""
"2025-09-05, 16:28","2025-09-05, 17:17","University Gate East, Park Row, Bristol BS1 5UB, UK","Millvale House, Selsley Hill, Dudbridge, Stroud GL5 3HF, UK","31.07","8.442","Commute","51.45572288","-2.60257845","51.73875028","-2.24039391","33989.62","34020.68","SINGLE","76","66",""
"2025-09-05, 07:05","2025-09-05, 07:57","1 Holbrow Cl, Stonehouse GL10 3GL, UK","University Gate East, Park Row, Bristol BS1 5UB, UK","30.45","10.236","Commute","51.7282868","-2.28012458","51.45572288","-2.60257845","33959.17","33989.62","SINGLE","90","77",""
"2025-09-04, 19:33","2025-09-04, 20:09","Portway P&R, Shirehampton, Bristol BS11 9QG, UK","1 Holbrow Cl, Stonehouse GL10 3GL, UK","29.83","10.265","Commute","51.48808557","-2.68637924","51.72828259","-2.28011945","33929.34","33959.17","SINGLE","38","25",""
"2025-09-04, 08:23","2025-09-04, 09:02","1 Holbrow Cl, Stonehouse GL10 3GL, UK","Portway P&R, Shirehampton, Bristol BS11 9QG, UK","29.20","9.629","Commute","51.72825909","-2.28011249","51.48810609","-2.68636938","33900.14","33929.34","SINGLE","51","39",""
"2025-09-03, 13:47","2025-09-03, 14:15","Eastern Avenue Retail Park, Eastern Ave, Gloucester GL4 3EA, UK","1 Holbrow Cl, Stonehouse GL10 3GL, UK","17.40","6.106","Commute","51.85590077","-2.22131325","51.72824283","-2.28010494","33882.74","33900.14","SINGLE","59","51",""
"2025-09-03, 12:52","2025-09-03, 13:16","98 Beard's Ln, Stroud GL5 4HD, UK","Eastern Avenue Retail Park, Eastern Ave, Gloucester GL4 3EA, UK","9.94","3.931","Commute","51.74539148","-2.2315839","51.85589864","-2.22126257","33872.80","33882.74","SINGLE","64","59",""
"2025-09-03, 12:06","2025-09-03, 12:15","1 Holbrow Cl, Stonehouse GL10 3GL, UK","98 Beard's Ln, Stroud GL5 4HD, UK","3.11","1.072","Commute","51.72827258","-2.28010232","51.74540967","-2.23160736","33869.69","33872.80","SINGLE","66","64",""
"2025-09-02, 15:05","2025-09-02, 16:03","University Gate East, Park Row, Bristol BS1 5UB, UK","1 Holbrow Cl, Stonehouse GL10 3GL, UK","30.45","8.902","Commute","51.45560545","-2.60267649","51.72826072","-2.28008873","33839.24","33869.69","SINGLE","77","66",""
"2025-09-02, 07:57","2025-09-02, 08:59","1 Holbrow Cl, Stonehouse GL10 3GL, UK","University Gate East, Park Row, Bristol BS1 5UB, UK","30.45","10.51","Commute","51.7282354","-2.28012223","51.45560545","-2.60267649","33808.80","33839.24","SINGLE","90","77",""
"2025-09-01, 20:32","2025-09-01, 20:39","Dudbridge Road, Dudbridge, Stroud GL5 3HG, UK","1 Holbrow Cl, Stonehouse GL10 3GL, UK","2.49","0.938","Commute","51.73901572","-2.24016735","51.7282547","-2.28011055","33806.31","33808.80","SINGLE","64","62",""
"2025-09-01, 20:01","2025-09-01, 20:08","1 Holbrow Cl, Stonehouse GL10 3GL, UK","Millvale House, Selsley Hill, Dudbridge, Stroud GL5 3HF, UK","2.49","0.65","Commute","51.72826917","-2.28012455","51.73895325","-2.24010344","33803.83","33806.31","SINGLE","65","64",""
"2025-09-01, 17:22","2025-09-01, 18:16","University Gate East, Park Row, Bristol BS1 5UB, UK","1 Holbrow Cl, Stonehouse GL10 3GL, UK","30.45","8.516","Commute","51.45581463","-2.60248552","51.72826921","-2.28008556","33773.38","33803.83","SINGLE","75","65",""
"2025-09-01, 09:10","2025-09-01, 09:53","1 Holbrow Cl, Stonehouse GL10 3GL, UK","University Gate East, Park Row, Bristol BS1 5UB, UK","30.45","11.787","Commute","51.72823202","-2.27999133","51.45581463","-2.60248552","33742.93","33773.38","SINGLE","90","76",""
"2025-08-30, 21:18","2025-08-30, 21:18","1 Holbrow Cl, Stonehouse GL10 3GL, UK","1 Holbrow Cl, Stonehouse GL10 3GL, UK","0.00","0.01","Commute","51.72823122","-2.28021931","51.72825461","-2.28010552","33742.93","33742.93","SINGLE","47","47",""
"2025-08-30, 16:18","2025-08-30, 16:25","Millvale House, Selsley Hill, Dudbridge, Stroud GL5 3HF, UK","1 Holbrow Cl, Stonehouse GL10 3GL, UK","2.49","0.935","Commute","51.73879439","-2.2404032","51.72824772","-2.28019049","33740.45","33742.93","SINGLE","49","48",""
"2025-08-30, 15:58","2025-08-30, 16:07","QM4P+2J Stonehouse, UK","Millvale House, Selsley Hill, Dudbridge, Stroud GL5 3HF, UK","3.73","1.269","Commute","51.75500789","-2.31339598","51.73878939","-2.24040184","33736.72","33740.45","SINGLE","51","49",""
"2025-08-30, 15:28","2025-08-30, 15:55","123 High St, Cheltenham GL50 1DQ, UK","QM4P+2J Stonehouse, UK","16.78","6.536","Commute","51.9003726","-2.07172634","51.75504811","-2.31341931","33719.94","33736.72","SINGLE","59","51",""
"2025-08-30, 13:12","2025-08-30, 13:50","1 Holbrow Cl, Stonehouse GL10 3GL, UK","123 High St, Cheltenham GL50 1DQ, UK","20.51","7.555","Commute","51.72824775","-2.28005351","51.90042486","-2.07169953","33699.43","33719.94","SINGLE","69","59",""
"2025-08-28, 18:05","2025-08-28, 18:13","QM4P+2J Stonehouse, UK","1 Holbrow Cl, Stonehouse GL10 3GL, UK","3.11","0.959","Commute","51.75504325","-2.31335938","51.728249","-2.28010476","33696.33","33699.43","SINGLE","70","69",""
"2025-08-28, 17:03","2025-08-28, 17:58","Cantocks Close, Bristol BS8 1US, UK","QM4P+2J Stonehouse, UK","27.34","6.763","Commute","51.45566566","-2.60239613","51.75508171","-2.31335782","33668.99","33696.33","SINGLE","79","70",""
"2025-08-28, 08:07","2025-08-28, 08:07","Cantocks Close, Bristol BS8 1US, UK","Cantocks Close, Bristol BS8 1US, UK","0.00","0.001","Commute","51.45566566","-2.60239613","51.45566566","-2.60239613","33668.99","33668.99","SINGLE","79","79",""
"2025-08-26, 14:13","2025-08-26, 14:31","1 Holbrow Cl, Stonehouse GL10 3GL, UK","22 Merrywalks, Stroud GL5 1RR, UK","3.73","1.868","Commute","51.72822675","-2.2801056","51.74635438","-2.21804862","33550.31","33554.03","SINGLE","90","88",""
"2025-08-25, 17:28","2025-08-25, 17:43","Hardwicke Roundabout, Bristol Rd, Hardwicke, Gloucester GL2 2RQ, UK","1 Holbrow Cl, Stonehouse GL10 3GL, UK","7.46","2.379","Commute","51.80508473","-2.29025447","51.72826146","-2.28011634","33542.85","33550.31","SINGLE","77","74",""
"2025-08-25, 17:05","2025-08-25, 17:19","1 Holbrow Cl, Stonehouse GL10 3GL, UK","Hardwicke Roundabout, Bristol Rd, Hardwicke, Gloucester GL2 2RQ, UK","7.46","1.76","Commute","51.72825922","-2.28011612","51.80508647","-2.29025275","33535.39","33542.85","SINGLE","79","77",""
"2025-08-25, 15:05","2025-08-25, 15:12","Millvale House, Selsley Hill, Dudbridge, Stroud GL5 3HF, UK","1 Holbrow Cl, Stonehouse GL10 3GL, UK","2.49","0.806","Commute","51.73870607","-2.24037202","51.72826141","-2.28011134","33532.91","33535.39","SINGLE","81","80",""
"2025-08-25, 14:34","2025-08-25, 14:35","Millvale House, Selsley Hill, Dudbridge, Stroud GL5 3HF, UK","Millvale House, Selsley Hill, Dudbridge, Stroud GL5 3HF, UK","0.00","0.006","Commute","51.73870902","-2.24038082","51.73867645","-2.24036365","33532.91","33532.91","SINGLE","81","81",""
"2025-08-25, 14:26","2025-08-25, 14:33","1 Holbrow Cl, Stonehouse GL10 3GL, UK","Millvale House, Selsley Hill, Dudbridge, Stroud GL5 3HF, UK","2.49","0.642","Commute","51.72827641","-2.28011656","51.73870893","-2.24034119","33530.42","33532.91","SINGLE","82","81",""
"2025-08-24, 23:19","2025-08-25, 00:30","Car Park 1, 4 Vanguard Rd, Birmingham B26 3QJ, UK","1 Holbrow Cl, Stonehouse GL10 3GL, UK","70.84","27.093","Commute","52.45162239","-1.72943257","51.72825316","-2.28011421","33459.59","33530.42","SINGLE","59","25",""
"2025-08-15, 13:53","2025-08-15, 13:55","1 Holbrow Cl, Stonehouse GL10 3GL, UK","High Street South, King's Stanley, Stonehouse GL10 3JF, UK","0.62","0.193","Commute","51.72825402","-2.28009417","51.7290647","-2.27500898","33129.64","33130.26","SINGLE","53","53",""
"2025-08-14, 17:34","2025-08-14, 17:42","Dudbridge Road, Dudbridge, Stroud GL5 3HG, UK","1 Holbrow Cl, Stonehouse GL10 3GL, UK","2.49","0.858","Commute","51.73898524","-2.24024335","51.72827276","-2.2801141","33127.15","33129.64","SINGLE","54","53",""
"2025-08-14, 17:02","2025-08-14, 17:13","1 Holbrow Cl, Stonehouse GL10 3GL, UK","Dudbridge Road, Dudbridge, Stroud GL5 3HG, UK","2.49","0.686","Commute","51.7282594","-2.28013039","51.73901032","-2.2402363","33124.67","33127.15","SINGLE","55","54",""
"2025-07-21, 18:09","2025-07-21, 18:46","FCFP+F2, Eastville, Bristol BS5 6XX, UK","1 Holbrow Cl, Stonehouse GL10 3GL, UK","28.58","7.573","Commute","51.47362326","-2.56481184","51.72827415","-2.2801059","33096.08","33124.67","SINGLE","67","58",""
"2025-07-21, 17:42","2025-07-21, 17:55","University Gate East, Park Row, Bristol BS1 5UB, UK","FCFP+F2, Eastville, Bristol BS5 6XX, UK","2.49","0.612","Commute","51.45570633","-2.60272144","51.47359785","-2.56484244","33093.60","33096.08","SINGLE","54","53",""
"2025-07-21, 07:10","2025-07-21, 08:23","1 Holbrow Cl, Stonehouse GL10 3GL, UK","University Gate East, Park Row, Bristol BS1 5UB, UK","32.31","11.227","Commute","51.72826181","-2.27994675","51.45570633","-2.60272144","33061.29","33093.60","SINGLE","68","54",""
"2025-07-21, 07:05","2025-07-21, 07:07","1 Holbrow Cl, Stonehouse GL10 3GL, UK","1 Holbrow Cl, Stonehouse GL10 3GL, UK","0.62","0.121","Commute","51.72829427","-2.28011387","51.7282368","-2.28007501","33060.67","33061.29","SINGLE","68","68",""
"2025-07-18, 17:46","2025-07-18, 18:39","University Gate East, Park Row, Bristol BS1 5UB, UK","1 Holbrow Cl, Stonehouse GL10 3GL, UK","31.69","8.07","Commute","51.45594093","-2.6027755","51.72827256","-2.28010252","33028.98","33060.67","SINGLE","79","69",""
"2025-07-18, 06:31","2025-07-18, 07:17","1 Holbrow Cl, Stonehouse GL10 3GL, UK","University Gate East, Park Row, Bristol BS1 5UB, UK","29.83","8.442","Commute","51.72827951","-2.28011429","51.45594093","-2.6027755","32999.15","33028.98","SINGLE","90","80",""
"2025-07-17, 13:23","2025-07-17, 14:26","Arrivals Square (Stop C), Claverton Down, Bath BA2 7PB, UK","1 Holbrow Cl, Stonehouse GL10 3GL, UK","32.31","10.462","Commute","51.37863803","-2.32470467","51.72826717","-2.28011702","32966.84","32999.15","SINGLE","67","55",""
"2025-07-10, 22:28","2025-07-10, 23:09","43 Woodland Rd, Bristol BS8, UK","1 Holbrow Cl, Stonehouse GL10 3GL, UK","30.45","10.047","Commute","51.4579371","-2.60353679","51.72825826","-2.28009256","32602.09","32632.54","SINGLE","71","58",""
"2025-07-10, 18:09","2025-07-10, 18:10","49 Woodland Rd, Bristol BS8 1UL, UK","43 Woodland Rd, Bristol BS8 1UU, UK","0.62","0.14","Commute","51.45695064","-2.6035036","51.45792553","-2.60367996","32601.47","32602.09","SINGLE","71","71",""
"2025-07-10, 17:55","2025-07-10, 17:59","Berkeley Square House, 13 Berkeley Square, Bristol BS8 1HB, UK","49 Woodland Rd, Bristol BS8 1UL, UK","0.62","0.272","Commute","51.45520711","-2.60646511","51.4569345","-2.6034815","32600.85","32601.47","SINGLE","72","71",""
"2025-07-10, 17:28","2025-07-10, 17:53","97PP+MH Bristol, UK","Berkeley Square House, 13 Berkeley Square, Bristol BS8 1HB, UK","8.70","1.963","Commute","51.38666594","-2.71354519","51.45521391","-2.60648678","32592.15","32600.85","SINGLE","74","72",""
"2025-07-10, 16:43","2025-07-10, 17:13","University Gate East, Park Row, Bristol BS1 5UB, UK","97PP+MH Bristol, UK","9.32","3.656","Commute","51.45571881","-2.60253237","51.38666539","-2.71352948","32582.83","32592.15","SINGLE","79","74",""
"2025-07-10, 06:56","2025-07-10, 07:53","1 Holbrow Cl, Stonehouse GL10 3GL, UK","University Gate East, Park Row, Bristol BS1 5UB, UK","29.83","8.529","Commute","51.72826292","-2.28012162","51.45571881","-2.60253237","32553.01","32582.83","SINGLE","90","80",""
"2025-07-09, 16:12","2025-07-09, 16:22","1 Eastington, Stonehouse GL10 3SQ, UK","1 Holbrow Cl, Stonehouse GL10 3GL, UK","3.73","1.3","Commute","51.75532569","-2.31371172","51.72826261","-2.28010663","32549.28","32553.01","SINGLE","61","59",""
"2025-07-09, 15:17","2025-07-09, 15:33","Crossing Cottage, Beard's Ln, Stroud GL5 4HD, UK","1 Eastington, Stonehouse GL10 3SQ, UK","4.35","1.252","Commute","51.74579576","-2.23175923","51.75525855","-2.31407617","32544.93","32549.28","SINGLE","63","61",""
"2025-07-09, 14:35","2025-07-09, 14:43","9b, Ryeford Industrial Estate, Stonehouse GL10 3HE, UK","Crossing Cottage, Beard's Ln, Stroud GL5 4HD, UK","1.86","0.717","Commute","51.74008888","-2.26914632","51.74580062","-2.23172734","32543.06","32544.93","SINGLE","65","64",""
"2025-07-09, 13:03","2025-07-09, 13:14","1 Holbrow Cl, Stonehouse GL10 3GL, UK","9b, Ryeford Industrial Estate, Stonehouse GL10 3HE, UK","1.86","0.558","Commute","51.72830731","-2.28006214","51.74009163","-2.26915907","32541.20","32543.06","SINGLE","66","65",""
"2025-07-09, 11:48","2025-07-09, 12:32","University Gate East, Park Row, Bristol BS1 5UB, UK","1 Holbrow Cl, Stonehouse GL10 3GL, UK","30.45","8.557","Commute","51.45575395","-2.60252002","51.72827072","-2.28010165","32510.75","32541.20","SINGLE","77","66",""
"2025-07-09, 07:33","2025-07-09, 08:42","1 Holbrow Cl, Stonehouse GL10 3GL, UK","University Gate East, Park Row, Bristol BS1 5UB, UK","30.45","8.844","Commute","51.72824406","-2.27995526","51.45575395","-2.60252002","32480.30","32510.75","SINGLE","88","77",""
"2025-07-09, 07:21","2025-07-09, 07:32","1 Holbrow Cl, Stonehouse GL10 3GL, UK","1 Holbrow Cl, Stonehouse GL10 3GL, UK","3.73","1.643","Commute","51.72828934","-2.28008555","51.72823196","-2.28005815","32476.58","32480.30","SINGLE","90","88",""
"2025-07-08, 21:32","2025-07-08, 21:42","Crossing Cottage, Beard's Ln, Stroud GL5 4HD, UK","1 Holbrow Cl, Stonehouse GL10 3GL, UK","3.11","0.945","Commute","51.74657329","-2.23226347","51.72826155","-2.28009228","32473.47","32476.58","SINGLE","72","71",""
"2025-07-08, 19:18","2025-07-08, 19:29","1 Holbrow Cl, Stonehouse GL10 3GL, UK","Crossing Cottage, Beard's Ln, Stroud GL5 4HD, UK","3.73","0.973","Commute","51.72824864","-2.28012777","51.74657647","-2.23227428","32469.74","32473.47","SINGLE","76","74",""
"2025-07-08, 18:14","2025-07-08, 18:21","Millvale House, Selsley Hill, Dudbridge, Stroud GL5 3HF, UK","1 Holbrow Cl, Stonehouse GL10 3GL, UK","2.49","0.776","Commute","51.73878137","-2.24041402","51.72824949","-2.28011621","32467.26","32469.74","SINGLE","77","76",""
"2025-07-08, 17:40","2025-07-08, 18:05","RPCG+R8 Gloucester, UK","Millvale House, Selsley Hill, Dudbridge, Stroud GL5 3HF, UK","9.32","2.787","Commute","51.82200209","-2.2741775","51.7388055","-2.24041907","32457.94","32467.26","SINGLE","81","77",""
"2025-07-08, 17:27","2025-07-08, 17:33","Shopping Centre, Unit 6 Severnvale Dr, Bristol Rd, Quedgeley, Gloucester GL2 4PE, UK","RPCG+R8 Gloucester, UK","1.24","0.448","Commute","51.82725339","-2.27878784","51.82200709","-2.27415792","32456.69","32457.94","SINGLE","81","81",""
"2025-07-08, 16:41","2025-07-08, 16:52","4 Corolin Rd, Gloucester GL2 5DQ, UK","Shopping Centre, Unit 6 Severnvale Dr, Bristol Rd, Quedgeley, Gloucester GL2 4PE, UK","2.49","0.862","Commute","51.83672264","-2.26644296","51.82731385","-2.27876314","32454.21","32456.69","SINGLE","83","82",""
"2025-07-08, 12:20","2025-07-08, 12:22","4 Corolin Rd, Gloucester GL2 5DQ, UK","4 Corolin Rd, Gloucester GL2 5DQ, UK","0.00","0.04","Commute","51.83697851","-2.26604441","51.83668772","-2.26637539","32454.21","32454.21","SINGLE","83","83",""
"2025-07-08, 12:07","2025-07-08, 12:09","4 Corolin Rd, Gloucester GL2 5DQ, UK","4 Corolin Rd, Gloucester GL2 5DQ, UK","0.00","0.05","Commute","51.83686709","-2.26639108","51.83693725","-2.26602287","32454.21","32454.21","SINGLE","83","83",""
"2025-07-08, 11:47","2025-07-08, 11:48","4 Corolin Rd, Gloucester GL2 5DQ, UK","4 Corolin Rd, Gloucester GL2 5DQ, UK","0.00","0.069","Commute","51.83688572","-2.26611117","51.83684634","-2.26640074","32454.21","32454.21","SINGLE","83","83",""
"2025-07-08, 11:45","2025-07-08, 11:46","4 Corolin Rd, Gloucester GL2 5DQ, UK","4 Corolin Rd, Gloucester GL2 5DQ, UK","0.00","0.005","Commute","51.83687158","-2.2661358","51.83685999","-2.26607819","32454.21","32454.21","SINGLE","83","83",""
"2025-07-08, 11:44","2025-07-08, 11:44","4 Corolin Rd, Gloucester GL2 5DQ, UK","4 Corolin Rd, Gloucester GL2 5DQ, UK","0.00","0.001","Commute","51.83686878","-2.26614785","51.83686857","-2.26614796","32454.21","32454.21","SINGLE","83","83",""
"2025-07-08, 09:27","2025-07-08, 09:28","4 Corolin Rd, Gloucester GL2 5DQ, UK","4 Corolin Rd, Gloucester GL2 5DQ, UK","0.00","0.003","Commute","51.83680053","-2.26611636","51.83680091","-2.26611638","32454.21","32454.21","SINGLE","84","84",""
"2025-07-08, 08:41","2025-07-08, 08:42","2 Shepherd Rd, Gloucester GL2 5EL, UK","2 Shepherd Rd, Gloucester GL2 5EL, UK","0.00","0.044","Commute","51.83671427","-2.26601863","51.83667077","-2.26610518","32454.21","32454.21","SINGLE","84","84",""
"2025-07-08, 08:38","2025-07-08, 08:39","4 Corolin Rd, Gloucester GL2 5DQ, UK","2 Shepherd Rd, Gloucester GL2 5EL, UK","0.00","0.072","Commute","51.8367191","-2.26641543","51.83668972","-2.26601947","32454.21","32454.21","SINGLE","84","84",""
"2025-07-08, 07:26","2025-07-08, 07:50","1 Holbrow Cl, Stonehouse GL10 3GL, UK","4 Corolin Rd, Gloucester GL2 5DQ, UK","9.94","2.739","Commute","51.7282501","-2.28009892","51.83672767","-2.26636071","32444.27","32454.21","SINGLE","88","84",""
"2025-07-06, 19:05","2025-07-06, 19:12","1 Burdett Cl, Stonehouse GL10 2LS, UK","1 Holbrow Cl, Stonehouse GL10 3GL, UK","1.86","0.518","Commute","51.74563945","-2.27949709","51.72827117","-2.28011822","32442.40","32444.27","SINGLE","90","89",""
"2025-07-06, 18:50","2025-07-06, 18:58","1 Holbrow Cl, Stonehouse GL10 3GL, UK","1 Burdett Cl, Stonehouse GL10 2LS, UK","1.86","0.465","Commute","51.7282643","-2.28012707","51.74562643","-2.27951116","32440.54","32442.40","SINGLE","90","90",""
"2025-07-05, 10:16","2025-07-05, 10:24","Millvale House, Selsley Hill, Dudbridge, Stroud GL5 3HF, UK","1 Holbrow Cl, Stonehouse GL10 3GL, UK","2.49","0.729","Commute","51.73886929","-2.24035555","51.7282584","-2.28010233","32438.05","32440.54","SINGLE","61","60",""
"2025-07-05, 09:34","2025-07-05, 10:02","1 Holbrow Cl, Stonehouse GL10 3GL, UK","Millvale House, Selsley Hill, Dudbridge, Stroud GL5 3HF, UK","3.73","1.38","Commute","51.72823939","-2.28008117","51.73885902","-2.24035875","32434.32","32438.05","SINGLE","63","61",""
"2025-07-01, 07:13","2025-07-01, 07:14","University Gate East, Park Row, Bristol BS1 5UB, UK","University Gate East, Park Row, Bristol BS1 5UB, UK","0.00","0.009","Commute","51.45593538","-2.60274862","51.45593538","-2.60274862","32272.15","32272.15","SINGLE","65","65",""
"2025-07-01, 06:26","2025-07-01, 07:13","1 Holbrow Cl, Stonehouse GL10 3GL, UK","University Gate East, Park Row, Bristol BS1 5UB, UK","29.83","8.012","Commute","51.72826932","-2.28009572","51.45593538","-2.60274862","32242.32","32272.15","SINGLE","74","65",""
"2025-06-30, 20:18","2025-06-30, 20:35","2 High St, Cam, Dursley GL11 5LE, UK","1 Holbrow Cl, Stonehouse GL10 3GL, UK","6.21","2.121","Commute","51.7014416","-2.36300181","51.72825845","-2.28008883","32236.11","32242.32","SINGLE","65","63",""
"2025-06-30, 19:30","2025-06-30, 20:00","168 Avonmouth Rd, Avonmouth, Bristol BS11 9LP, UK","2 High St, Cam, Dursley GL11 5LE, UK","22.99","6.468","Commute","51.49918293","-2.69223623","51.70140128","-2.36305246","32213.12","32236.11","SINGLE","73","64",""
"2025-06-30, 19:16","2025-06-30, 19:16","2 St Brendan's Way, Avonmouth, Bristol BS11 9LP, UK","168 Avonmouth Rd, Avonmouth, Bristol BS11 9LP, UK","0.00","0.032","Commute","51.49933562","-2.69186758","51.49920002","-2.69225998","32213.12","32213.12","SINGLE","73","73",""
"2025-06-30, 18:45","2025-06-30, 18:45","2 St Brendan's Way, Avonmouth, Bristol BS11 9LP, UK","2 St Brendan's Way, Avonmouth, Bristol BS11 9LP, UK","0.00","0.01","Commute","51.49938037","-2.69195996","51.49938335","-2.69198753","32213.12","32213.12","SINGLE","73","73",""
"2025-06-30, 18:44","2025-06-30, 18:45","2 St Brendan's Way, Avonmouth, Bristol BS11 9LP, UK","2 St Brendan's Way, Avonmouth, Bristol BS11 9LP, UK","0.00","0.03","Commute","51.49918732","-2.6918769","51.49936068","-2.69197619","32213.12","32213.12","SINGLE","73","73",""
"2025-06-30, 18:21","2025-06-30, 18:41","MH4F+R5 Berkeley, UK","2 St Brendan's Way, Avonmouth, Bristol BS11 9LP, UK","17.40","4.922","Commute","51.65702361","-2.42706693","51.49918932","-2.69188407","32195.72","32213.12","SINGLE","79","73",""
"2025-06-30, 16:58","2025-06-30, 17:19","4 Corolin Rd, Gloucester GL2 5DQ, UK","MH4F+R5 Berkeley, UK","14.91","4.395","Commute","51.83693944","-2.26650438","51.65704131","-2.42708052","32180.80","32195.72","SINGLE","85","80",""
"2025-06-30, 13:08","2025-06-30, 13:09","4 Corolin Rd, Gloucester GL2 5DQ, UK","4 Corolin Rd, Gloucester GL2 5DQ, UK","0.00","0.025","Commute","51.83700457","-2.2660302","51.83701016","-2.26652345","32180.80","32180.80","SINGLE","86","86",""
"2025-06-30, 12:50","2025-06-30, 12:51","4 Corolin Rd, Gloucester GL2 5DQ, UK","4 Corolin Rd, Gloucester GL2 5DQ, UK","0.00","0.027","Commute","51.83697408","-2.26637713","51.83694352","-2.26603989","32180.80","32180.80","SINGLE","86","86",""
"2025-06-30, 11:17","2025-06-30, 11:18","4 Corolin Rd, Gloucester GL2 5DQ, UK","4 Corolin Rd, Gloucester GL2 5DQ, UK","0.00","0.02","Commute","51.83693607","-2.26635671","51.83696122","-2.2664686","32180.80","32180.80","SINGLE","86","86",""
"2025-06-30, 10:12","2025-06-30, 10:14","4 Corolin Rd, Gloucester GL2 5DQ, UK","4 Corolin Rd, Gloucester GL2 5DQ, UK","0.00","0.083","Commute","51.83672755","-2.26655782","51.8368851","-2.26634098","32180.80","32180.80","SINGLE","86","86",""
"2025-06-30, 07:41","2025-06-30, 07:50","Hardwicke Roundabout, Bristol Rd, Hardwicke, Gloucester GL2 2RQ, UK","4 Corolin Rd, Gloucester GL2 5DQ, UK","2.49","0.711","Commute","51.80510413","-2.29025435","51.83670046","-2.26654246","32178.32","32180.80","SINGLE","88","87",""
"2025-06-30, 07:14","2025-06-30, 07:29","1 Holbrow Cl, Stonehouse GL10 3GL, UK","Hardwicke Roundabout, Bristol Rd, Hardwicke, Gloucester GL2 2RQ, UK","6.84","1.916","Commute","51.7282622","-2.28010776","51.80510876","-2.29024561","32171.48","32178.32","SINGLE","90","88",""
"2025-06-28, 20:30","2025-06-28, 20:45","Hardwicke Roundabout, Bristol Rd, Hardwicke, Gloucester GL2 2RQ, UK","1 Holbrow Cl, Stonehouse GL10 3GL, UK","6.84","2.52","Commute","51.8052001","-2.29008166","51.7282586","-2.28010979","32164.65","32171.48","SINGLE","35","32",""
"2025-06-28, 20:01","2025-06-28, 20:14","1 Holbrow Cl, Stonehouse GL10 3GL, UK","Hardwicke Roundabout, Bristol Rd, Hardwicke, Gloucester GL2 2RQ, UK","7.46","1.705","Commute","51.72826904","-2.28009916","51.80522063","-2.29005206","32157.19","32164.65","SINGLE","37","35",""
"2025-06-28, 17:59","2025-06-28, 18:09","1 Eastington, Stonehouse GL10 3SQ, UK","1 Holbrow Cl, Stonehouse GL10 3GL, UK","3.11","0.954","Commute","51.7551356","-2.31396199","51.72827059","-2.28011349","32154.09","32157.19","SINGLE","39","38",""
"2025-06-28, 17:43","2025-06-28, 17:54","1 Holbrow Cl, Stonehouse GL10 3GL, UK","1 Eastington, Stonehouse GL10 3SQ, UK","3.11","0.704","Commute","51.72825782","-2.28008263","51.7551318","-2.31395404","32150.98","32154.09","SINGLE","40","39",""
"2025-06-28, 11:47","2025-06-28, 11:56","The Junction, Dudbridge Hill, Dudbridge, Stroud GL5 3HL, UK","1 Holbrow Cl, Stonehouse GL10 3GL, UK","3.11","0.766","Commute","51.73944181","-2.23769906","51.72827765","-2.28011957","32147.87","32150.98","SINGLE","42","41",""
"2025-06-28, 11:45","2025-06-28, 11:47","20 Dudbridge Hill, Stroud GL5 3HS, UK","The Junction, Dudbridge Hill, Dudbridge, Stroud GL5 3HL, UK","0.00","0.027","Commute","51.73933545","-2.2324109","51.73943932","-2.23769903","32147.87","32147.87","SINGLE","42","42",""
"2025-06-28, 11:41","2025-06-28, 11:41","20 Dudbridge Hill, Stroud GL5 3HS, UK","20 Dudbridge Hill, Stroud GL5 3HS, UK","0.00","0.009","Commute","51.7394109","-2.23252303","51.73935908","-2.23242847","32147.87","32147.87","SINGLE","42","42",""
"2025-06-28, 11:37","2025-06-28, 11:37","20 Dudbridge Hill, Stroud GL5 3HS, UK","20 Dudbridge Hill, Stroud GL5 3HS, UK","0.00","0.002","Commute","51.73935743","-2.23254486","51.73937199","-2.23254399","32147.87","32147.87","SINGLE","42","42",""
"2025-06-28, 11:31","2025-06-28, 11:35","Dudbridge Road, Dudbridge, Stroud GL5 3HG, UK","20 Dudbridge Hill, Stroud GL5 3HS, UK","0.62","0.392","Commute","51.73898401","-2.24022843","51.73938986","-2.2325336","32147.25","32147.87","SINGLE","43","42",""
"2025-06-28, 10:56","2025-06-28, 11:00","Ryeford Ind Est, Stonehouse GL10 2LB, UK","Dudbridge Road, Dudbridge, Stroud GL5 3HG, UK","1.24","0.387","Commute","51.73870597","-2.26731789","51.73900491","-2.24024134","32146.01","32147.25","SINGLE","43","43",""
"2025-06-27, 17:52","2025-06-27, 18:58","Irving House, Park Row, Bristol BS1 5LU, UK","1 Holbrow Cl, Stonehouse GL10 3GL, UK","29.83","9.788","Commute","51.45505851","-2.60172362","51.72825286","-2.28011861","32082.63","32112.45","SINGLE","68","56",""
"2025-06-27, 06:21","2025-06-27, 07:05","1 Holbrow Cl, Stonehouse GL10 3GL, UK","43 Woodland Rd, Bristol BS8 1UU, UK","30.45","8.221","Commute","51.72825824","-2.28010692","51.45790853","-2.60368349","32051.56","32082.01","SINGLE","79","69",""
"2025-06-26, 20:03","2025-06-26, 20:51","43 Woodland Rd, Bristol BS8, UK","1 Holbrow Cl, Stonehouse GL10 3GL, UK","30.45","7.834","Commute","51.45793694","-2.60349195","51.72826418","-2.28011688","32021.11","32051.56","SINGLE","70","60",""
"2025-06-26, 06:35","2025-06-26, 07:31","1 Holbrow Cl, Stonehouse GL10 3GL, UK","43 Woodland Rd, Bristol BS8 1UU, UK","30.45","7.519","Commute","51.72828421","-2.28012156","51.4578918","-2.60368413","31990.66","32021.11","SINGLE","79","70",""
"2025-06-25, 17:11","2025-06-25, 17:23","Crossing Cottage, Beard's Ln, Stroud GL5 4HD, UK","1 Holbrow Cl, Stonehouse GL10 3GL, UK","3.73","0.906","Uncategorized","51.74616113","-2.23203872","51.72828197","-2.28009982","31986.94","31990.66","SINGLE","81","80",""
